transaction_id,transaction_date,document,name,age,value,installments_number
686e9b31-caeb-4908-95d5-931b50a8df9c,2023-12-28T06:18:12Z,09326655407,Bruce Wayne,42,87.28,7
32d527d4-485a-47ee-a9d5-e95f6b40ede7,2023-06-15T04:00:43Z,82982060095,Hal Jordan,38,974.80,3
1521e422-297d-4fa4-8252-1e7bdf3edeb2,2023-11-05T07:53:08Z,99200839899,Ethan Hunt,42,53.39,7
2bb2921d-c86f-444b-8f85-1a9aaac43609,2023-06-09T14:52:14Z,44396708729,Bruce Wayne,42,430.58,3
5b73bc48-f353-4cd8-955e-a15f5353ec49,2023-12-20T05:47:50Z,10732891068,Tony Stark,48,178.17,12
6b13ff10-1b29-4853-82cc-3b219b356b87,2023-11-17T18:02:34Z,53700188357,Bruce Wayne,42,58.21,1
6260d2ce-aadd-4fec-bb90-e78529403ac0,2023-06-22T06:35:52Z,21876142103,Bruce Wayne,42,402.80,3
05060bf8-01f4-4ba9-904e-12a1486d264d,2023-06-04T17:24:33Z,27307875027,Bruce Wayne,42,824.99,3
89cc0e7c-e9e9-427e-80af-10d907edc9ca,2023-09-06T07:35:42Z,85832027728,Tony Stark,48,486.75,2
1d927bcd-2a15-401a-bce8-2d24f265c3bd,2023-02-14T22:03:35Z,16829025264,Bruce Wayne,42,391.02,4
686e9b31-caeb-4908-95d5-931b50a8df9c,2023-12-28T06:18:12Z,09326655407,Bruce Wayne,42,87.28,7
1ac33715-21e8-4091-86e5-6cd21532e0f0,2023-08-19T19:22:04Z,69927486712,Bruce Wayne,42,661.65,10
32d527d4-485a-47ee-a9d5-e95f6b40ede7,2023-06-15T04:00:43Z,82982060095,Hal Jordan,38,974.80,3
1521e422-297d-4fa4-8252-1e7bdf3edeb2,2023-11-05T07:53:08Z,99200839899,Ethan Hunt,42,53.39,7
2bb2921d-c86f-444b-8f85-1a9aaac43609,2023-06-09T14:52:14Z,44396708729,Bruce Wayne,42,430.58,3
5b73bc48-f353-4cd8-955e-a15f5353ec49,2023-12-20T05:47:50Z,10732891068,Tony Stark,48,178.17,12
6b13ff10-1b29-4853-82cc-3b219b356b87,2023-11-17T18:02:34Z,53700188357,Bruce Wayne,42,58.21,1
6260d2ce-aadd-4fec-bb90-e78529403ac0,2023-06-22T06:35:52Z,21876142103,Bruce Wayne,42,402.80,3
05060bf8-01f4-4ba9-904e-12a1486d264d,2023-06-04T17:24:33Z,27307875027,Bruce Wayne,42,824.99,3
89cc0e7c-e9e9-427e-80af-10d907edc9ca,2023-09-06T07:35:42Z,85832027728,Tony Stark,48,486.75,2
1d927bcd-2a15-401a-bce8-2d24f265c3bd,2023-02-14T22:03:35Z,16829025264,Bruce Wayne,42,391.02,4
1ac33715-21e8-4091-86e5-6cd21532e0f0,2023-08-19T19:22:04Z,69927486712,Bruce Wayne,42,661.65,10
ee54aed6-8e4f-4b74-934b-93dbfda5f67e,2023-09-03T16:53:39Z,68550250128,Bruce Wayne,42,311.87,11
cdc9c8f9-0704-469c-a990-f01da3ae2d06,2023-07-26T12:28:20Z,35339488182,Laenor Velaryon,33,832.67,9
bfe3cbee-a4c8-4fd8-8899-137645d7eabb,2023-08-24T08:52:39Z,42274408533,Tony Stark,48,567.54,12
a4dd2a8a-da04-4497-af4a-c1a085b8a1cc,2023-05-20T04:58:08Z,92851778072,Auron,45,654.79,10
2bab0bf5-80be-40e2-b2e6-7da75826afe9,2023-12-23T19:00:02Z,70938393976,Tony Stark,48,871.31,9
0df56e69-2f3f-456e-8712-30d7979679f3,2023-09-13T18:32:45Z,86732517885,Tony Stark,48,504.84,2
7d3027c0-0dec-4a6e-a730-c45adfcb0802,2023-10-20T16:21:35Z,11577172092,Bruce Wayne,42,544.49,4
bf594b01-854b-4f01-93d6-ddbdc5a01ef5,2023-06-27T20:19:17Z,41436299470,Daemon Velaryon,38,873.73,1
973c87f2-f4da-4d4b-b3b0-8c02e7b7c8d2,2023-01-18T03:30:59Z,65984725706,Tony Stark,48,433.26,4
4a177217-4538-432e-b1e9-9678a9c452d6,2023-07-22T20:31:13Z,23094783525,Sarah Connor,45,728.70,3
e91e8c2a-1004-4321-a5b8-880e28201c6d,2023-07-08T09:38:20Z,99301584664,Atreus,17,176.00,4
ac42b3f7-a1e0-4cc5-859f-987d860493d7,2023-02-05T18:15:00Z,94791798545,Jaehaerys I Targaryen,70,152.24,2
2bbe6fce-767c-4d08-9298-7b03e300c13a,2023-04-04T18:22:19Z,32500573996,Bruce Wayne,42,858.94,5
d8a62e8b-4aef-43df-a9e2-f6abd07f7dd6,2023-05-14T18:58:16Z,15491246464,Elena Fisher,33,703.69,5
a695081e-257d-437f-85d2-500ab858c49a,2023-11-16T19:07:40Z,04883213283,Bruce Wayne,42,85.82,6
bb814add-ed3f-4b59-8a9f-46776d19d13d,2023-01-05T19:51:21Z,76246690934,Tony Stark,48,403.87,8
00222961-5803-46e7-baec-858322a9a2ee,2023-07-07T00:16:36Z,71141395761,Bruce Wayne,42,342.92,1
fd0faf28-9c30-4530-be12-61cac2b07108,2023-06-27T15:48:41Z,33842966410,Tony Stark,48,442.62,4
b06d5a63-1c5e-42a6-99d3-fcfe20cb3a89,2023-02-10T07:26:37Z,91556323782,Tony Stark,48,679.98,12
41cd3b94-e2b5-45ce-ab47-a0752824a813,2023-04-10T06:22:09Z,47853947726,Thor Odinson,33,212.69,10
244617f0-7d30-49e9-87b2-f98c22f518f4,2023-12-18T07:16:41Z,69125438406,Tony Stark,48,434.51,8
ee54aed6-8e4f-4b74-934b-93dbfda5f67e,2023-09-03T16:53:39Z,68550250128,Bruce Wayne,42,311.87,11
cdc9c8f9-0704-469c-a990-f01da3ae2d06,2023-07-26T12:28:20Z,35339488182,Laenor Velaryon,33,832.67,9
bfe3cbee-a4c8-4fd8-8899-137645d7eabb,2023-08-24T08:52:39Z,42274408533,Tony Stark,48,567.54,12
a4dd2a8a-da04-4497-af4a-c1a085b8a1cc,2023-05-20T04:58:08Z,92851778072,Auron,45,654.79,10
2bab0bf5-80be-40e2-b2e6-7da75826afe9,2023-12-23T19:00:02Z,70938393976,Tony Stark,48,871.31,9
0df56e69-2f3f-456e-8712-30d7979679f3,2023-09-13T18:32:45Z,86732517885,Tony Stark,48,504.84,2
7d3027c0-0dec-4a6e-a730-c45adfcb0802,2023-10-20T16:21:35Z,11577172092,Bruce Wayne,42,544.49,4
bf594b01-854b-4f01-93d6-ddbdc5a01ef5,2023-06-27T20:19:17Z,41436299470,Daemon Velaryon,38,873.73,1
973c87f2-f4da-4d4b-b3b0-8c02e7b7c8d2,2023-01-18T03:30:59Z,65984725706,Tony Stark,48,433.26,4
4a177217-4538-432e-b1e9-9678a9c452d6,2023-07-22T20:31:13Z,23094783525,Sarah Connor,45,728.70,3
e91e8c2a-1004-4321-a5b8-880e28201c6d,2023-07-08T09:38:20Z,99301584664,Atreus,17,176.00,4
ac42b3f7-a1e0-4cc5-859f-987d860493d7,2023-02-05T18:15:00Z,94791798545,Jaehaerys I Targaryen,70,152.24,2
2bbe6fce-767c-4d08-9298-7b03e300c13a,2023-04-04T18:22:19Z,32500573996,Bruce Wayne,42,858.94,5
d8a62e8b-4aef-43df-a9e2-f6abd07f7dd6,2023-05-14T18:58:16Z,15491246464,Elena Fisher,33,703.69,5
a695081e-257d-437f-85d2-500ab858c49a,2023-11-16T19:07:40Z,04883213283,Bruce Wayne,42,85.82,6
bb814add-ed3f-4b59-8a9f-46776d19d13d,2023-01-05T19:51:21Z,76246690934,Tony Stark,48,403.87,8
00222961-5803-46e7-baec-858322a9a2ee,2023-07-07T00:16:36Z,71141395761,Bruce Wayne,42,342.92,1
fd0faf28-9c30-4530-be12-61cac2b07108,2023-06-27T15:48:41Z,33842966410,Tony Stark,48,442.62,4
b06d5a63-1c5e-42a6-99d3-fcfe20cb3a89,2023-02-10T07:26:37Z,91556323782,Tony Stark,48,679.98,12
41cd3b94-e2b5-45ce-ab47-a0752824a813,2023-04-10T06:22:09Z,47853947726,Thor Odinson,33,212.69,10
244617f0-7d30-49e9-87b2-f98c22f518f4,2023-12-18T07:16:41Z,69125438406,Tony Stark,48,434.51,8
c6fe6e30-4436-4a22-94c9-f2f17e874802,2023-02-18T11:28:56Z,88453860447,Bruce Wayne,42,267.76,3
b10e60b3-7793-41fc-a7cf-9517660cbff9,2023-08-07T23:21:39Z,05293775433,Gordon Freeman,37,7.90,6
c36bd83c-6a25-4241-93a6-11cbf390ba77,2023-07-14T21:19:42Z,95489924114,Bruce Wayne,42,80.18,3
72c47df7-d354-474e-9193-3e23b71679e1,2023-10-12T07:01:25Z,19568963062,Tony Stark,48,90.99,4
40878e6a-cef5-499d-b50b-ff45cd2f17ba,2023-10-17T02:25:03Z,11280777101,Ravus Nox Fleuret,31,690.96,10
81265217-3e9d-43b8-a76a-081f897c7aaa,2023-04-16T06:03:58Z,06576819608,Tony Stark,48,666.36,1
7faaf7b7-9ac5-467f-99a8-c5389a5777aa,2023-08-10T19:45:19Z,97159156167,Bruce Wayne,42,158.34,1
32d42b66-0739-4497-bc44-f2ad827c64bb,2023-11-27T08:18:09Z,90022611473,Bruce Wayne,42,115.20,3
1c382db7-507f-4613-bc41-4e4c1f3d5bf1,2023-03-03T21:48:34Z,59252300739,Bruce Wayne,42,505.61,5
732f009e-6dc5-4105-8d6c-485dabd2f5d5,2023-12-01T09:17:48Z,24932031592,Bruce Wayne,42,46.74,8
14140ae8-5115-457e-b2cc-039438593028,2023-08-27T01:24:04Z,26120307545,Tony Stark,48,743.89,8
0cac3bf3-1650-4603-829f-430aa0da2047,2023-10-17T03:14:21Z,75593962587,Euron Greyjoy,45,411.08,7
8ea2f49b-6f8a-4741-aeda-464cd7890829,2023-09-08T07:49:42Z,94732122281,Tony Stark,48,600.00,7
3c478ace-d834-4285-bbea-c582a357a31d,2023-01-22T15:07:53Z,61693245606,Tony Stark,48,165.09,12
fd116455-5ab9-4eb1-9c24-993795038e90,2023-11-24T18:49:12Z,40831145173,Tony Stark,48,843.31,3
e959699f-5ab7-4a1d-ac27-57769aedb31c,2023-06-23T23:59:29Z,45408626926,Tony Stark,48,209.05,3
0d31d0c4-5ff0-468e-875d-3e6a39cb94ec,2023-05-03T00:19:44Z,50405475757,Aegon V Targaryen,58,522.44,3
dec35efd-e0ed-47d1-a9cf-67dec129a7aa,2023-07-04T09:01:37Z,54537821717,Hedwig,18,213.53,6
75ab7917-11d2-4498-8530-cbede3e936da,2023-11-05T03:07:31Z,91677332280,Luna Lovegood,26,568.65,7
c192c459-4c01-429e-8eed-d8b7aa6fcf29,2023-11-27T05:39:56Z,72119082487,Bruce Wayne,42,77.98,8
049d45c5-21c2-4415-84f6-90a5488846a1,2023-05-22T09:17:35Z,16453474232,Tony Stark,48,250.88,8
ce0c34b1-a385-4a66-a541-da48f7e09f3c,2023-10-07T21:06:12Z,53574781010,Bruce Wayne,42,784.89,11
0803fe32-45fc-4351-9f84-05204089f0ee,2023-03-26T22:34:23Z,01430307167,Tony Stark,48,558.78,5
e317ead3-f69a-484b-a3e2-5c9dfb708ae9,2023-11-04T10:15:04Z,04648271464,Tony Stark,48,870.93,8
4c4d265d-0076-4cc6-b9d9-0e1d09861a2c,2023-06-19T05:45:15Z,94617933497,Tony Stark,48,528.49,1
ab6cb5c8-c8e2-49f9-ab00-6c9da2251222,2023-08-11T00:38:09Z,26183392503,Tony Stark,48,507.68,4
00727a85-3eac-4305-a93c-e4e6a690c0f9,2023-01-04T10:09:35Z,21600167121,Bruce Wayne,42,203.14,8
344644bf-5302-43c8-9dbb-1404b9b7b6f6,2023-06-20T00:15:08Z,70589873401,Remus Lupin,49,122.29,8
8b793526-2ff3-44a7-ba02-07673fa6e0d2,2023-11-17T14:43:38Z,57390469437,Dr. John Watson,37,633.35,8
aeb71520-5363-4936-a4aa-33e4662ce85e,2023-05-01T11:47:52Z,81152056302,Tony Stark,48,203.45,9
2b422af2-b895-475e-b93a-9e5584f9c06c,2023-07-12T17:42:59Z,52967274852,Master Chief,45,941.36,11
8802667d-cc47-409e-8cc3-c2a42da3f6eb,2023-11-07T17:47:02Z,46859736445,Samwise Gamgee,38,674.22,12
766959e7-9426-40bb-910a-d98cf7eaffbc,2023-04-26T09:34:27Z,88136761368,Tony Stark,48,186.51,10
ffb76459-6f7b-4fd0-9ad7-570f0a973c16,2023-10-08T22:12:46Z,96946052178,Tony Stark,48,751.50,3
bf3084bd-ca1c-4ada-85a0-5db59eb1456c,2023-09-16T02:50:43Z,21751181092,Jorah Mormont,56,282.61,8
f13356ed-6c3d-4ac8-8de8-0b64db346a63,2023-11-28T04:16:59Z,48298613088,Bruce Wayne,42,728.73,6
3e4be172-c510-48b5-846d-be3555a88d79,2023-03-01T08:52:30Z,37639167744,Tony Stark,48,59.61,11
eae159b0-462b-40bc-b1e1-1fa61470bc44,2023-03-24T13:56:19Z,28895887305,Bran Stark's direwolf,10,838.99,11
5fe97b6f-b687-405e-b951-1915fc45dfd9,2023-08-12T16:41:55Z,04532748333,Rocket Raccoon,35,346.27,9
3c54c78b-2a77-4597-ac21-f1132caab4da,2023-10-13T07:36:37Z,24942349418,Tony Stark,48,920.55,3
e82d2248-f80e-475f-af75-62cfb53dca2e,2023-01-07T12:43:51Z,78447291774,Tony Stark,48,442.81,8
323f6adf-2ad3-4b46-ae7c-ead00c95e016,2023-09-10T23:19:33Z,86093864014,Ethan Hunt,42,142.98,12
1d053054-415a-4472-a4d9-8b08cf82abfe,2023-08-22T08:19:43Z,30675040124,Tony Stark,48,23.38,8
846bc57c-956e-4a95-9043-c12ea75e4a00,2023-02-11T16:42:41Z,07846658320,Lilith,34,193.36,11
97a5c202-385b-4185-9a47-0f668c1d99ec,2023-09-06T02:42:51Z,63089035242,Triss Merigold,39,844.96,11
0e8628d7-15e8-466a-9a96-6aaa30e251f1,2023-01-05T04:32:25Z,95191262681,Bruce Wayne,42,497.65,1
fc151e5e-1bef-49ff-9d71-deb1deddfa2b,2023-11-26T12:23:27Z,47346188569,Diana Prince,32,143.00,6
b090ac0c-df16-4da5-8643-6252cc0b8baf,2023-07-13T04:30:50Z,69498658831,Cersei Lannister's children,20,772.86,5
eab93e9f-701d-41d4-a910-c9d7f683a828,2023-02-25T21:41:26Z,43161526384,Zell Dincht,24,477.42,4
91496d8f-ec65-41ed-bb79-bc9cb35f951e,2023-01-26T15:18:49Z,64578152219,Tony Stark,48,751.72,7
9e93efd1-e28b-45f7-bc76-54776491d363,2023-08-17T17:31:02Z,93821840130,Tony Stark,48,751.85,10
9faf49ac-f343-4dca-85d5-122f93d80d5c,2023-03-27T17:56:12Z,04717597054,Dante,35,851.21,6
0b81b61d-d26d-433e-9141-2e5c995ac1fd,2023-03-27T04:03:00Z,07386992857,Tony Stark,48,463.82,11
9752ca9f-3aee-4661-aeaa-decfc471142b,2023-11-24T19:01:29Z,84833767012,Poe Dameron,32,171.13,1
d14127ec-2c03-41d3-9c86-8ed0f3e5cc6f,2023-03-16T20:36:33Z,60048281663,Bruce Wayne,42,33.82,4
d71376a0-a273-4ebc-be2e-18e9696f5e55,2023-10-08T12:26:54Z,16328111404,Bruce Wayne,42,159.69,8
69a7d898-ef97-4b75-bed1-1e1c887bd83e,2023-08-01T17:18:15Z,58646310146,Tony Stark,48,651.78,7
e9a5c038-c75f-4d01-b32b-510bb41ba451,2023-05-01T09:14:26Z,10335433907,Tony Stark,48,156.83,11
db263e80-6e81-4055-9d93-6ba58f981eab,2023-11-11T03:56:46Z,40449664205,Saul Goodman,50,912.41,12
6d50bce0-f57e-4568-bf37-357315a407de,2023-09-17T03:03:01Z,00501799195,Eowyn,28,353.03,12
1d3e6932-8868-4b7b-b472-656229ded406,2023-06-10T15:01:10Z,44099801845,Bellatrix Lestrange,47,252.96,4
2d74d1fa-4491-4a01-a06f-58fb3601cfbc,2023-11-28T03:14:47Z,66252174108,Hal Jordan,38,329.16,11
f5bf632d-8ad8-4c0b-8249-7f3ba09d284b,2023-07-16T08:30:26Z,02755420414,Ellie,19,966.45,7
dbf820a3-f1dd-46a9-b0a7-92ca1bf50f9f,2023-05-28T05:56:15Z,41328547978,Solid Snake,52,667.44,10
a3689d64-6c60-48b6-b3f6-eca3aaa376bc,2023-11-08T15:07:56Z,86433557929,Bruce Wayne,42,748.48,8
914ca84f-cf10-4ae3-a505-1a12ef775b95,2023-06-17T19:16:22Z,06299176847,Quentyn Martell,29,263.58,12
58fd2a5f-2be0-41c6-9d2b-db9af9fabd3c,2023-04-09T12:49:49Z,39712103573,Cersei Lannister,49,48.95,4
c6fe6e30-4436-4a22-94c9-f2f17e874802,2023-02-18T11:28:56Z,88453860447,Bruce Wayne,42,267.76,3
b10e60b3-7793-41fc-a7cf-9517660cbff9,2023-08-07T23:21:39Z,05293775433,Gordon Freeman,37,7.90,6
c36bd83c-6a25-4241-93a6-11cbf390ba77,2023-07-14T21:19:42Z,95489924114,Bruce Wayne,42,80.18,3
72c47df7-d354-474e-9193-3e23b71679e1,2023-10-12T07:01:25Z,19568963062,Tony Stark,48,90.99,4
40878e6a-cef5-499d-b50b-ff45cd2f17ba,2023-10-17T02:25:03Z,11280777101,Ravus Nox Fleuret,31,690.96,10
81265217-3e9d-43b8-a76a-081f897c7aaa,2023-04-16T06:03:58Z,06576819608,Tony Stark,48,666.36,1
7faaf7b7-9ac5-467f-99a8-c5389a5777aa,2023-08-10T19:45:19Z,97159156167,Bruce Wayne,42,158.34,1
32d42b66-0739-4497-bc44-f2ad827c64bb,2023-11-27T08:18:09Z,90022611473,Bruce Wayne,42,115.20,3
1c382db7-507f-4613-bc41-4e4c1f3d5bf1,2023-03-03T21:48:34Z,59252300739,Bruce Wayne,42,505.61,5
732f009e-6dc5-4105-8d6c-485dabd2f5d5,2023-12-01T09:17:48Z,24932031592,Bruce Wayne,42,46.74,8
14140ae8-5115-457e-b2cc-039438593028,2023-08-27T01:24:04Z,26120307545,Tony Stark,48,743.89,8
0cac3bf3-1650-4603-829f-430aa0da2047,2023-10-17T03:14:21Z,75593962587,Euron Greyjoy,45,411.08,7
8ea2f49b-6f8a-4741-aeda-464cd7890829,2023-09-08T07:49:42Z,94732122281,Tony Stark,48,600.00,7
3c478ace-d834-4285-bbea-c582a357a31d,2023-01-22T15:07:53Z,61693245606,Tony Stark,48,165.09,12
fd116455-5ab9-4eb1-9c24-993795038e90,2023-11-24T18:49:12Z,40831145173,Tony Stark,48,843.31,3
e959699f-5ab7-4a1d-ac27-57769aedb31c,2023-06-23T23:59:29Z,45408626926,Tony Stark,48,209.05,3
0d31d0c4-5ff0-468e-875d-3e6a39cb94ec,2023-05-03T00:19:44Z,50405475757,Aegon V Targaryen,58,522.44,3
dec35efd-e0ed-47d1-a9cf-67dec129a7aa,2023-07-04T09:01:37Z,54537821717,Hedwig,18,213.53,6
75ab7917-11d2-4498-8530-cbede3e936da,2023-11-05T03:07:31Z,91677332280,Luna Lovegood,26,568.65,7
c192c459-4c01-429e-8eed-d8b7aa6fcf29,2023-11-27T05:39:56Z,72119082487,Bruce Wayne,42,77.98,8
049d45c5-21c2-4415-84f6-90a5488846a1,2023-05-22T09:17:35Z,16453474232,Tony Stark,48,250.88,8
ce0c34b1-a385-4a66-a541-da48f7e09f3c,2023-10-07T21:06:12Z,53574781010,Bruce Wayne,42,784.89,11
0803fe32-45fc-4351-9f84-05204089f0ee,2023-03-26T22:34:23Z,01430307167,Tony Stark,48,558.78,5
e317ead3-f69a-484b-a3e2-5c9dfb708ae9,2023-11-04T10:15:04Z,04648271464,Tony Stark,48,870.93,8
4c4d265d-0076-4cc6-b9d9-0e1d09861a2c,2023-06-19T05:45:15Z,94617933497,Tony Stark,48,528.49,1
ab6cb5c8-c8e2-49f9-ab00-6c9da2251222,2023-08-11T00:38:09Z,26183392503,Tony Stark,48,507.68,4
00727a85-3eac-4305-a93c-e4e6a690c0f9,2023-01-04T10:09:35Z,21600167121,Bruce Wayne,42,203.14,8
344644bf-5302-43c8-9dbb-1404b9b7b6f6,2023-06-20T00:15:08Z,70589873401,Remus Lupin,49,122.29,8
8b793526-2ff3-44a7-ba02-07673fa6e0d2,2023-11-17T14:43:38Z,57390469437,Dr. John Watson,37,633.35,8
aeb71520-5363-4936-a4aa-33e4662ce85e,2023-05-01T11:47:52Z,81152056302,Tony Stark,48,203.45,9
2b422af2-b895-475e-b93a-9e5584f9c06c,2023-07-12T17:42:59Z,52967274852,Master Chief,45,941.36,11
8802667d-cc47-409e-8cc3-c2a42da3f6eb,2023-11-07T17:47:02Z,46859736445,Samwise Gamgee,38,674.22,12
766959e7-9426-40bb-910a-d98cf7eaffbc,2023-04-26T09:34:27Z,88136761368,Tony Stark,48,186.51,10
ffb76459-6f7b-4fd0-9ad7-570f0a973c16,2023-10-08T22:12:46Z,96946052178,Tony Stark,48,751.50,3
bf3084bd-ca1c-4ada-85a0-5db59eb1456c,2023-09-16T02:50:43Z,21751181092,Jorah Mormont,56,282.61,8
f13356ed-6c3d-4ac8-8de8-0b64db346a63,2023-11-28T04:16:59Z,48298613088,Bruce Wayne,42,728.73,6
3e4be172-c510-48b5-846d-be3555a88d79,2023-03-01T08:52:30Z,37639167744,Tony Stark,48,59.61,11
eae159b0-462b-40bc-b1e1-1fa61470bc44,2023-03-24T13:56:19Z,28895887305,Bran Stark's direwolf,10,838.99,11
5fe97b6f-b687-405e-b951-1915fc45dfd9,2023-08-12T16:41:55Z,04532748333,Rocket Raccoon,35,346.27,9
3c54c78b-2a77-4597-ac21-f1132caab4da,2023-10-13T07:36:37Z,24942349418,Tony Stark,48,920.55,3
e82d2248-f80e-475f-af75-62cfb53dca2e,2023-01-07T12:43:51Z,78447291774,Tony Stark,48,442.81,8
323f6adf-2ad3-4b46-ae7c-ead00c95e016,2023-09-10T23:19:33Z,86093864014,Ethan Hunt,42,142.98,12
1d053054-415a-4472-a4d9-8b08cf82abfe,2023-08-22T08:19:43Z,30675040124,Tony Stark,48,23.38,8
846bc57c-956e-4a95-9043-c12ea75e4a00,2023-02-11T16:42:41Z,07846658320,Lilith,34,193.36,11
97a5c202-385b-4185-9a47-0f668c1d99ec,2023-09-06T02:42:51Z,63089035242,Triss Merigold,39,844.96,11
0e8628d7-15e8-466a-9a96-6aaa30e251f1,2023-01-05T04:32:25Z,95191262681,Bruce Wayne,42,497.65,1
fc151e5e-1bef-49ff-9d71-deb1deddfa2b,2023-11-26T12:23:27Z,47346188569,Diana Prince,32,143.00,6
b090ac0c-df16-4da5-8643-6252cc0b8baf,2023-07-13T04:30:50Z,69498658831,Cersei Lannister's children,20,772.86,5
eab93e9f-701d-41d4-a910-c9d7f683a828,2023-02-25T21:41:26Z,43161526384,Zell Dincht,24,477.42,4
91496d8f-ec65-41ed-bb79-bc9cb35f951e,2023-01-26T15:18:49Z,64578152219,Tony Stark,48,751.72,7
9e93efd1-e28b-45f7-bc76-54776491d363,2023-08-17T17:31:02Z,93821840130,Tony Stark,48,751.85,10
9faf49ac-f343-4dca-85d5-122f93d80d5c,2023-03-27T17:56:12Z,04717597054,Dante,35,851.21,6
0b81b61d-d26d-433e-9141-2e5c995ac1fd,2023-03-27T04:03:00Z,07386992857,Tony Stark,48,463.82,11
9752ca9f-3aee-4661-aeaa-decfc471142b,2023-11-24T19:01:29Z,84833767012,Poe Dameron,32,171.13,1
d14127ec-2c03-41d3-9c86-8ed0f3e5cc6f,2023-03-16T20:36:33Z,60048281663,Bruce Wayne,42,33.82,4
d71376a0-a273-4ebc-be2e-18e9696f5e55,2023-10-08T12:26:54Z,16328111404,Bruce Wayne,42,159.69,8
69a7d898-ef97-4b75-bed1-1e1c887bd83e,2023-08-01T17:18:15Z,58646310146,Tony Stark,48,651.78,7
e9a5c038-c75f-4d01-b32b-510bb41ba451,2023-05-01T09:14:26Z,10335433907,Tony Stark,48,156.83,11
db263e80-6e81-4055-9d93-6ba58f981eab,2023-11-11T03:56:46Z,40449664205,Saul Goodman,50,912.41,12
6d50bce0-f57e-4568-bf37-357315a407de,2023-09-17T03:03:01Z,00501799195,Eowyn,28,353.03,12
1d3e6932-8868-4b7b-b472-656229ded406,2023-06-10T15:01:10Z,44099801845,Bellatrix Lestrange,47,252.96,4
2d74d1fa-4491-4a01-a06f-58fb3601cfbc,2023-11-28T03:14:47Z,66252174108,Hal Jordan,38,329.16,11
f5bf632d-8ad8-4c0b-8249-7f3ba09d284b,2023-07-16T08:30:26Z,02755420414,Ellie,19,966.45,7
dbf820a3-f1dd-46a9-b0a7-92ca1bf50f9f,2023-05-28T05:56:15Z,41328547978,Solid Snake,52,667.44,10
a3689d64-6c60-48b6-b3f6-eca3aaa376bc,2023-11-08T15:07:56Z,86433557929,Bruce Wayne,42,748.48,8
914ca84f-cf10-4ae3-a505-1a12ef775b95,2023-06-17T19:16:22Z,06299176847,Quentyn Martell,29,263.58,12
58fd2a5f-2be0-41c6-9d2b-db9af9fabd3c,2023-04-09T12:49:49Z,39712103573,Cersei Lannister,49,48.95,4
528dbd73-6fc3-4b5b-855f-085a4ff453d6,2023-12-13T19:51:38Z,29130624620,Bran Stark's direwolf,10,707.09,3
8f172457-c319-460c-81cd-9ee746de1f54,2023-04-12T08:27:52Z,15165545095,Daemon Targaryen,42,122.04,10
85166294-267d-4156-9743-4048fc752ecf,2023-05-12T03:36:05Z,34642203892,Lady,30,381.99,5
d458ea11-f119-4b0d-a8be-4903a00447b0,2023-02-14T04:48:04Z,97627828203,Bruce Wayne,42,493.67,7
eefc7efc-114c-4765-af54-9c025d5cf206,2023-04-15T09:11:17Z,98513615284,Lara Croft,29,242.69,2
8184037e-f9b3-48aa-949e-98f20ceed10c,2023-12-24T00:50:02Z,62221520285,Luna Lovegood,26,572.99,6
d53fefb7-54a2-4ea2-9f3d-8a43718edaff,2023-05-20T06:58:18Z,54478068321,Rickon Stark's direwolf,10,185.48,12
f13261bc-0b84-4133-ac6b-78509abee58e,2023-08-13T06:51:14Z,05813361292,Aragorn,47,552.95,5
097ec64c-3880-48ae-98d7-2521532d3069,2023-07-05T21:59:41Z,05783649590,Tony Stark,48,189.88,8
830ba812-7b86-498b-994d-ee02688d3692,2023-11-25T01:05:53Z,46230580052,Tony Stark,48,861.07,4
6fe6056d-6a19-4135-ae25-1d537fd8e494,2023-08-19T10:35:09Z,76208581004,Bruce Wayne,42,83.86,1
b5314cd1-c231-474f-aa14-eeee53c8b01a,2023-02-14T16:10:24Z,97161275860,Miss Marple,75,853.17,10
ad2d7f17-b963-4815-98ab-b11c4214022e,2023-12-11T07:40:20Z,65583267381,Tony Stark,48,720.81,8
8e49a7e2-f0b3-4299-9d86-ad33d36fa260,2023-09-08T14:38:50Z,47807808521,Bruce Wayne,42,371.03,4
d693637e-8389-467c-a0ce-e0c5b37ed756,2023-06-22T20:03:20Z,36900722606,Cait Sith,28,424.48,6
f79aa43c-22db-4fcd-a075-ae1c1cb9ec3e,2023-12-13T20:34:44Z,35428106496,Tony Stark,48,207.62,6
49acdedb-b01d-4e20-9dd1-c009f441dac3,2023-11-11T12:46:51Z,98687020345,Bruce Wayne,42,648.71,7
a2e0bc81-35a3-4acb-ae6e-e9b3c429b1ed,2023-08-14T18:20:19Z,99801711607,Tony Stark,48,851.41,12
d7eb7934-a7a9-45aa-bae3-bd0c957a0258,2023-12-20T16:09:33Z,62419325664,Bruce Wayne,42,14.25,5
33253d42-2306-4c5b-9834-ac977ab0d90b,2023-01-15T18:24:16Z,34693037760,Tony Stark,48,492.35,8
e7b46e63-c1a1-48ac-89b4-39745cb260c0,2023-03-23T05:01:27Z,71430698888,Finn,27,149.09,1
a0de341e-e804-4db7-bc44-abae405c7185,2023-05-21T09:36:20Z,97255564133,Tony Stark,48,769.44,2
478bd911-e965-46fc-af7c-2a4945331f6d,2023-02-28T21:21:24Z,97234215214,Bruce Wayne,42,406.26,12
34bdfef8-0331-4870-b1c5-c3d1f97f25d7,2023-01-22T21:19:12Z,40492731348,Tony Stark,48,865.08,7
528dbd73-6fc3-4b5b-855f-085a4ff453d6,2023-12-13T19:51:38Z,29130624620,Bran Stark's direwolf,10,707.09,3
8f172457-c319-460c-81cd-9ee746de1f54,2023-04-12T08:27:52Z,15165545095,Daemon Targaryen,42,122.04,10
85166294-267d-4156-9743-4048fc752ecf,2023-05-12T03:36:05Z,34642203892,Lady,30,381.99,5
d458ea11-f119-4b0d-a8be-4903a00447b0,2023-02-14T04:48:04Z,97627828203,Bruce Wayne,42,493.67,7
eefc7efc-114c-4765-af54-9c025d5cf206,2023-04-15T09:11:17Z,98513615284,Lara Croft,29,242.69,2
8184037e-f9b3-48aa-949e-98f20ceed10c,2023-12-24T00:50:02Z,62221520285,Luna Lovegood,26,572.99,6
d53fefb7-54a2-4ea2-9f3d-8a43718edaff,2023-05-20T06:58:18Z,54478068321,Rickon Stark's direwolf,10,185.48,12
f13261bc-0b84-4133-ac6b-78509abee58e,2023-08-13T06:51:14Z,05813361292,Aragorn,47,552.95,5
097ec64c-3880-48ae-98d7-2521532d3069,2023-07-05T21:59:41Z,05783649590,Tony Stark,48,189.88,8
830ba812-7b86-498b-994d-ee02688d3692,2023-11-25T01:05:53Z,46230580052,Tony Stark,48,861.07,4
6fe6056d-6a19-4135-ae25-1d537fd8e494,2023-08-19T10:35:09Z,76208581004,Bruce Wayne,42,83.86,1
b5314cd1-c231-474f-aa14-eeee53c8b01a,2023-02-14T16:10:24Z,97161275860,Miss Marple,75,853.17,10
ad2d7f17-b963-4815-98ab-b11c4214022e,2023-12-11T07:40:20Z,65583267381,Tony Stark,48,720.81,8
8e49a7e2-f0b3-4299-9d86-ad33d36fa260,2023-09-08T14:38:50Z,47807808521,Bruce Wayne,42,371.03,4
d693637e-8389-467c-a0ce-e0c5b37ed756,2023-06-22T20:03:20Z,36900722606,Cait Sith,28,424.48,6
f79aa43c-22db-4fcd-a075-ae1c1cb9ec3e,2023-12-13T20:34:44Z,35428106496,Tony Stark,48,207.62,6
49acdedb-b01d-4e20-9dd1-c009f441dac3,2023-11-11T12:46:51Z,98687020345,Bruce Wayne,42,648.71,7
a2e0bc81-35a3-4acb-ae6e-e9b3c429b1ed,2023-08-14T18:20:19Z,99801711607,Tony Stark,48,851.41,12
d7eb7934-a7a9-45aa-bae3-bd0c957a0258,2023-12-20T16:09:33Z,62419325664,Bruce Wayne,42,14.25,5
33253d42-2306-4c5b-9834-ac977ab0d90b,2023-01-15T18:24:16Z,34693037760,Tony Stark,48,492.35,8
e7b46e63-c1a1-48ac-89b4-39745cb260c0,2023-03-23T05:01:27Z,71430698888,Finn,27,149.09,1
a0de341e-e804-4db7-bc44-abae405c7185,2023-05-21T09:36:20Z,97255564133,Tony Stark,48,769.44,2
478bd911-e965-46fc-af7c-2a4945331f6d,2023-02-28T21:21:24Z,97234215214,Bruce Wayne,42,406.26,12
34bdfef8-0331-4870-b1c5-c3d1f97f25d7,2023-01-22T21:19:12Z,40492731348,Tony Stark,48,865.08,7
96430f40-23df-4789-b68d-44351292bbd1,2023-02-24T19:19:02Z,61590627957,Brick,39,90.11,7
d43bd32e-7811-40d8-91d6-9e574c272378,2023-10-15T03:55:30Z,53365252937,Kimahri Ronso,38,618.84,10
abaff33d-4204-45c4-8599-880c96637039,2023-08-13T02:42:09Z,39888948672,Bruce Wayne,42,618.15,9
39a1d73c-1a91-48a0-a63d-29992512fb53,2023-06-12T13:53:46Z,76975508406,Tony Stark,48,558.06,1
8018a125-c57d-4c42-884a-dd6ff292f132,2023-03-17T22:13:53Z,80537441430,Bruce Wayne,42,438.64,6
9737ef54-6bb4-444a-9e7f-e702f7911acf,2023-05-13T19:18:42Z,90129481990,Rickard Stark,48,701.46,12
21d649f6-2be6-4f20-a180-25db693081db,2023-08-10T20:03:25Z,12957103249,Ron Weasley,28,607.77,1
743e6476-e6ea-407d-ad30-5662a19981ba,2023-12-13T00:59:46Z,08814491679,Red XIII,20,98.70,2
4fc71b05-e156-417b-b6d9-1a58f41ee3c8,2023-02-01T15:59:15Z,64200910227,Gollum,58,905.53,10
fabdb892-6839-4a79-b589-780287586600,2023-12-10T06:45:09Z,95963895331,Helaena Targaryen,24,199.90,12
d9a002ad-841d-4552-bce7-1cff0392279f,2023-03-03T04:26:22Z,06705343717,Peregrin Took,25,776.94,1
3646528b-318f-49ae-8d60-55412674e64d,2023-04-28T16:15:17Z,82132683540,Bruce Wayne,42,758.18,3
2425bf01-021e-4a46-a4b5-292bd2e297d8,2023-02-22T18:20:46Z,41073115998,Denethor,60,137.41,8
0c1b9237-cd57-4a15-baef-58ecc928c799,2023-05-09T22:19:09Z,33523760742,Bruce Wayne,42,265.48,10
268da24b-0bc0-4a82-9858-63c44628eaff,2023-03-16T02:01:37Z,01963822311,Elia Martell,40,985.01,6
0b00cbe8-ad2a-4d81-aadd-5da92dfb4cbe,2023-02-12T19:23:56Z,78145787239,T'Challa,37,558.28,11
d4ae8558-6b9b-4ded-8731-4efc0896940b,2023-08-12T13:48:09Z,28764290847,Tony Stark,48,557.61,1
0116640c-bdfd-482b-be48-2914d891885b,2023-11-11T05:59:33Z,63061717495,Boromir,42,53.93,8
43869224-62f1-4963-8a30-dbe97426b427,2023-01-09T15:42:12Z,30420306185,Tony Stark,48,662.82,6
4fa679fd-7bbc-4fb9-8b9c-a7cbaa9b8291,2023-07-27T22:32:51Z,08874927781,Tony Stark,48,27.02,2
3e80c4ed-3591-46d2-8c02-9bb76c79e345,2023-11-24T13:44:41Z,35855982548,Samwise Gamgee,38,159.81,5
efa70536-847d-4298-a9cd-2c981fa82470,2023-02-04T13:38:31Z,61465053101,Jacaerys Velaryon,27,861.08,6
25e006b7-5de4-4c2a-a8f1-4933ec00a629,2023-03-07T00:39:07Z,22938981407,Gentiana,35,270.34,3
681eebd8-84ad-4120-bdc7-4755f2d1e39c,2023-12-05T04:47:26Z,43219546928,Bruce Wayne,42,525.82,1
ada1f282-d249-4327-b46b-31c2116d6729,2023-06-22T14:10:32Z,62779165766,Zidane Tribal,21,7.49,7
e5788b1e-a97f-4a19-aa91-bdd56d2b1470,2023-05-26T04:08:12Z,51785022247,Bruce Wayne,42,562.55,6
83621c87-59de-47df-b5bc-d04aea72209c,2023-06-24T20:58:01Z,67655139236,Bruce Wayne,42,366.27,4
2edcd456-9b66-447a-9940-208a5b7c7764,2023-07-15T03:53:49Z,99659574841,Tony Stark,48,479.68,1
3cc1ffa2-85be-4046-b694-218c1fa0fb93,2023-10-14T03:36:46Z,92103241710,Cid Sophiar,60,897.94,12
774ab4e4-da0b-469a-8bbc-901cbeb64a12,2023-07-27T14:14:04Z,07347412633,Sephiroth,35,903.42,1
7bd46d07-aee9-4564-b5d5-63d58d928edf,2023-10-23T08:40:22Z,08304187778,Tony Stark,48,299.67,2
074ab5cd-bbf8-4dfe-9e37-063fde4110da,2023-11-28T23:31:16Z,41365031747,Bruce Wayne,42,759.85,6
2c5e208c-4417-459e-bed7-53208f71a271,2023-07-05T00:46:20Z,67555661008,Victor Stone,25,638.56,5
3bc72c52-22fb-418e-9a66-7798cb3699ee,2023-09-07T06:04:13Z,97030360592,Brienne of Tarth,38,552.65,11
cfb5b0ed-d58a-4296-bf57-7dd40bc43626,2023-03-13T05:51:41Z,64453070091,Bruce Wayne,42,249.41,2
3358a0cf-4698-4f50-b891-75d0d2ef3465,2023-10-05T12:22:09Z,45848144339,Tony Stark,48,445.40,12
364c8d93-eff6-4186-ae3c-ddb46b209485,2023-02-23T07:08:34Z,61034495546,Tony Stark,48,727.50,3
7129366d-4f8a-4c17-a4c9-1adb97a5ccd2,2023-09-22T21:24:49Z,90611556835,Aegon Targaryen (son of Elia),30,311.80,9
91f8d2e2-8d70-4c2a-98e7-4f488c75d9e4,2023-06-12T23:32:52Z,61241995693,Aegon II Targaryen,28,747.95,11
b0f2ed59-c0d9-4a9c-ba38-c03bffab3891,2023-11-10T02:16:37Z,43247094053,Tony Stark,48,30.71,11
5a0e9e6f-cdb7-4c59-86cf-e471493c6079,2023-05-20T07:00:02Z,58512051398,Tony Stark,48,352.96,8
7bf3d030-a5c8-4284-8af3-7e6b2acd4670,2023-08-03T10:24:18Z,77161267299,Triss Merigold,39,301.97,10
df0f72b2-20d7-4da1-bb29-ed2f200711b5,2023-04-23T16:34:56Z,11541003233,Joel,54,603.98,4
adcc6c2a-01f2-48a0-9e7a-a9b7382aa6a7,2023-03-03T11:12:41Z,23050489532,Triss Merigold,39,436.02,1
61297e25-a750-4371-9529-31b773e1c97f,2023-10-11T21:57:08Z,12049648316,Sin,55,883.38,5
acaa695c-d5f7-4623-8d7e-ee73244bfb47,2023-11-13T13:09:14Z,83818027144,Dumbledore,84,195.90,9
9f3369fa-a4c5-44b0-a5fe-206e055746b6,2023-04-07T22:15:15Z,75506476121,Bruce Wayne,42,584.26,8
4481fadc-36d8-417b-b7e6-20ecc60726cc,2023-02-21T08:34:53Z,99677080113,Bruce Wayne,42,10.73,9
06ad217f-9bd4-46de-b9ab-aaa6c385c9f5,2023-08-23T18:57:24Z,26002260568,Bruce Wayne,42,209.05,2
e0e2723f-cc6b-4a18-8624-29831acd249f,2023-10-25T12:22:53Z,42525966074,Doran Martell,52,302.24,10
2a44173a-989c-416d-a561-a8c7bed951a7,2023-08-12T00:36:52Z,48195302057,Selyse Florent,40,988.79,4
0374a1ac-5876-43c1-9606-27dc2e17a88b,2023-10-27T18:03:27Z,12679812095,Bruce Wayne,42,765.48,8
9373099a-f5d8-41f2-8e0e-539f4b5d053d,2023-11-22T11:32:40Z,60705632716,Bruce Wayne,42,158.14,2
0c12c2c0-8485-4d9f-bbad-19fbbfc04021,2023-03-16T19:27:40Z,43803479867,Gandalf,85,94.79,10
2fe348c1-561a-4b78-b102-6795dc5d79d9,2023-01-17T13:05:21Z,95466655351,Titus Drautos,40,347.79,4
eb03006f-cced-4127-91de-a0ed81ff3796,2023-11-11T04:22:13Z,95979925612,Bruce Wayne,42,357.28,10
347808b6-32c0-48d4-840d-ac51cbb2781e,2023-07-06T05:20:51Z,82986033328,Tony Stark,48,449.98,1
b98a33e3-c1c3-467e-bb1c-f0df30fc4020,2023-04-13T19:39:14Z,47367270401,Jack Sparrow,40,208.16,9
331fa176-95e1-4ea2-a6d0-e58f7e12dbaa,2023-10-13T02:03:34Z,69363299336,Bruce Wayne,42,648.02,2
e5973d7c-3168-491f-bb8a-7091351c116a,2023-10-17T16:05:02Z,79729147480,Margaery Tyrell,25,54.28,10
d2d60b62-7936-4c45-bcfd-f3eec18754ce,2023-11-06T12:01:59Z,21399526575,Sansa Stark,26,775.53,9
1a7fca10-4561-4b59-bf0f-e46d2a30a730,2023-06-15T07:37:10Z,24929250327,Bruce Wayne,42,644.25,2
19a35fda-26db-4a55-b879-d7ea90816710,2023-09-21T07:06:56Z,33686525949,Aegon V Targaryen,58,639.65,3
36685c87-07c1-496c-bf6b-e82304a0e86d,2023-07-22T00:33:48Z,20634731435,Bruce Wayne,42,718.37,7
27dd2c10-da0a-44ea-b6a1-44ef259c4030,2023-10-02T02:09:04Z,71504570620,Cor Leonis,45,702.91,9
9896f9de-678d-4713-b165-f5edb859c04e,2023-08-02T19:16:34Z,06765870210,Tony Stark,48,232.04,10
cffb21be-30b6-4150-b0f2-04716e94ce5e,2023-10-25T13:52:27Z,84585727854,Bruce Wayne,42,348.43,8
d9d647bb-a770-4193-8853-7a6649ed0db2,2023-08-12T02:01:29Z,34352190293,Tony Stark,48,88.72,5
aa5d91ef-ad63-4c85-8d6c-09af80bf7121,2023-03-24T06:45:01Z,96782242961,Robert Baratheon,50,205.73,4
ce582f6c-eacf-42a9-b531-3e0b11d3e27e,2023-10-27T01:18:18Z,93008044563,Sarah Connor,45,272.48,2
919d071e-f3ad-48cd-afd1-0ec5414f906e,2023-03-09T07:16:21Z,50945236315,Bruce Wayne,42,409.37,1
ba71eed4-5a1d-478d-8b85-54a21e69ed89,2023-03-15T18:52:24Z,85448524165,Tony Stark,48,701.42,7
bbfe05e8-c147-45c1-a521-849a52459fb7,2023-11-08T20:21:13Z,37245416854,Laena Velaryon,35,92.19,1
7faae8f8-a194-4411-ab20-921a794cf9b5,2023-04-05T22:07:04Z,28216452612,Sansa Stark's direwolf,10,998.00,9
1070a31d-1df6-46e2-968f-18923b485796,2023-05-08T06:59:24Z,61702448977,Severus Snape,52,968.79,2
a7270392-7009-4461-8eb9-b84d60a1b221,2023-07-27T04:39:14Z,76870846732,Edmure Tully,35,935.65,2
38379fc8-a7c8-4e4a-af94-4f8913cf6686,2023-05-28T22:36:44Z,99164027774,Bruce Wayne,42,697.38,10
7e6d048a-240b-45ed-9e08-da0b43c7dff0,2023-08-05T03:09:44Z,58967994954,Darth Vader,60,469.00,4
e453cc51-db08-4df5-b334-bb4dba6c367d,2023-05-13T21:11:43Z,93003739860,Bruce Wayne,42,280.71,4
fdd103cb-ff54-4bb3-b4e7-28151a07b870,2023-08-26T23:23:12Z,95257863596,Legolas,33,649.29,6
a6afe465-4612-48d5-b6f9-eb4c668a834f,2023-12-25T09:12:18Z,74943872476,Megaman,27,130.54,3
6e03c405-5825-4f87-8a6f-8613f09a97e7,2023-01-11T12:46:16Z,84712693011,Vergil,37,10.02,3
044e678b-ff54-4853-b57d-207999983be7,2023-03-19T01:22:25Z,27668377156,Bruce Wayne,42,142.69,4
7a4eaf2a-2258-475f-9e4d-68720066433b,2023-12-03T13:57:59Z,29812095676,Sarah Connor,45,836.10,4
be707cc1-0c7b-488e-831d-ae1bcce0791e,2023-01-26T04:25:39Z,82631592726,Tony Stark,48,117.96,2
d619040f-6199-480a-9ab3-a0012e9e56c8,2023-11-17T04:31:14Z,73821729864,Brick,39,57.67,11
db712c60-8967-4eff-80b0-0c1cd711b885,2023-11-28T07:08:05Z,49165016796,Tony Stark,48,88.80,5
1c43c02f-e9a3-4d68-beaf-5ea275a3f94d,2023-07-23T19:28:43Z,59223111222,Bruce Wayne,42,342.01,7
8301cb8a-19da-4f75-9da3-d29d3b9cccf6,2023-12-23T03:31:32Z,85179280973,Tony Stark,48,926.35,2
f9e62f96-7b9b-4b0b-856c-09e5983abe49,2023-07-27T07:00:05Z,79223034815,Zell Dincht,24,797.85,7
7d5a1877-8847-447e-b601-acefee5ac39f,2023-06-24T00:07:30Z,35767852129,Boromir,42,563.99,3
96430f40-23df-4789-b68d-44351292bbd1,2023-02-24T19:19:02Z,61590627957,Brick,39,90.11,7
d43bd32e-7811-40d8-91d6-9e574c272378,2023-10-15T03:55:30Z,53365252937,Kimahri Ronso,38,618.84,10
abaff33d-4204-45c4-8599-880c96637039,2023-08-13T02:42:09Z,39888948672,Bruce Wayne,42,618.15,9
39a1d73c-1a91-48a0-a63d-29992512fb53,2023-06-12T13:53:46Z,76975508406,Tony Stark,48,558.06,1
8018a125-c57d-4c42-884a-dd6ff292f132,2023-03-17T22:13:53Z,80537441430,Bruce Wayne,42,438.64,6
9737ef54-6bb4-444a-9e7f-e702f7911acf,2023-05-13T19:18:42Z,90129481990,Rickard Stark,48,701.46,12
21d649f6-2be6-4f20-a180-25db693081db,2023-08-10T20:03:25Z,12957103249,Ron Weasley,28,607.77,1
743e6476-e6ea-407d-ad30-5662a19981ba,2023-12-13T00:59:46Z,08814491679,Red XIII,20,98.70,2
4fc71b05-e156-417b-b6d9-1a58f41ee3c8,2023-02-01T15:59:15Z,64200910227,Gollum,58,905.53,10
fabdb892-6839-4a79-b589-780287586600,2023-12-10T06:45:09Z,95963895331,Helaena Targaryen,24,199.90,12
d9a002ad-841d-4552-bce7-1cff0392279f,2023-03-03T04:26:22Z,06705343717,Peregrin Took,25,776.94,1
3646528b-318f-49ae-8d60-55412674e64d,2023-04-28T16:15:17Z,82132683540,Bruce Wayne,42,758.18,3
d8e3ad24-284f-40b4-96eb-5a0d4337d71d,2023-09-11T22:22:22Z,66625983911,Tony Stark,48,545.38,6
2425bf01-021e-4a46-a4b5-292bd2e297d8,2023-02-22T18:20:46Z,41073115998,Denethor,60,137.41,8
0c1b9237-cd57-4a15-baef-58ecc928c799,2023-05-09T22:19:09Z,33523760742,Bruce Wayne,42,265.48,10
268da24b-0bc0-4a82-9858-63c44628eaff,2023-03-16T02:01:37Z,01963822311,Elia Martell,40,985.01,6
0b00cbe8-ad2a-4d81-aadd-5da92dfb4cbe,2023-02-12T19:23:56Z,78145787239,T'Challa,37,558.28,11
d4ae8558-6b9b-4ded-8731-4efc0896940b,2023-08-12T13:48:09Z,28764290847,Tony Stark,48,557.61,1
0116640c-bdfd-482b-be48-2914d891885b,2023-11-11T05:59:33Z,63061717495,Boromir,42,53.93,8
43869224-62f1-4963-8a30-dbe97426b427,2023-01-09T15:42:12Z,30420306185,Tony Stark,48,662.82,6
4fa679fd-7bbc-4fb9-8b9c-a7cbaa9b8291,2023-07-27T22:32:51Z,08874927781,Tony Stark,48,27.02,2
3e80c4ed-3591-46d2-8c02-9bb76c79e345,2023-11-24T13:44:41Z,35855982548,Samwise Gamgee,38,159.81,5
efa70536-847d-4298-a9cd-2c981fa82470,2023-02-04T13:38:31Z,61465053101,Jacaerys Velaryon,27,861.08,6
25e006b7-5de4-4c2a-a8f1-4933ec00a629,2023-03-07T00:39:07Z,22938981407,Gentiana,35,270.34,3
681eebd8-84ad-4120-bdc7-4755f2d1e39c,2023-12-05T04:47:26Z,43219546928,Bruce Wayne,42,525.82,1
ada1f282-d249-4327-b46b-31c2116d6729,2023-06-22T14:10:32Z,62779165766,Zidane Tribal,21,7.49,7
e5788b1e-a97f-4a19-aa91-bdd56d2b1470,2023-05-26T04:08:12Z,51785022247,Bruce Wayne,42,562.55,6
83621c87-59de-47df-b5bc-d04aea72209c,2023-06-24T20:58:01Z,67655139236,Bruce Wayne,42,366.27,4
2edcd456-9b66-447a-9940-208a5b7c7764,2023-07-15T03:53:49Z,99659574841,Tony Stark,48,479.68,1
3cc1ffa2-85be-4046-b694-218c1fa0fb93,2023-10-14T03:36:46Z,92103241710,Cid Sophiar,60,897.94,12
774ab4e4-da0b-469a-8bbc-901cbeb64a12,2023-07-27T14:14:04Z,07347412633,Sephiroth,35,903.42,1
7bd46d07-aee9-4564-b5d5-63d58d928edf,2023-10-23T08:40:22Z,08304187778,Tony Stark,48,299.67,2
074ab5cd-bbf8-4dfe-9e37-063fde4110da,2023-11-28T23:31:16Z,41365031747,Bruce Wayne,42,759.85,6
2c5e208c-4417-459e-bed7-53208f71a271,2023-07-05T00:46:20Z,67555661008,Victor Stone,25,638.56,5
3bc72c52-22fb-418e-9a66-7798cb3699ee,2023-09-07T06:04:13Z,97030360592,Brienne of Tarth,38,552.65,11
cfb5b0ed-d58a-4296-bf57-7dd40bc43626,2023-03-13T05:51:41Z,64453070091,Bruce Wayne,42,249.41,2
3358a0cf-4698-4f50-b891-75d0d2ef3465,2023-10-05T12:22:09Z,45848144339,Tony Stark,48,445.40,12
364c8d93-eff6-4186-ae3c-ddb46b209485,2023-02-23T07:08:34Z,61034495546,Tony Stark,48,727.50,3
7129366d-4f8a-4c17-a4c9-1adb97a5ccd2,2023-09-22T21:24:49Z,90611556835,Aegon Targaryen (son of Elia),30,311.80,9
91f8d2e2-8d70-4c2a-98e7-4f488c75d9e4,2023-06-12T23:32:52Z,61241995693,Aegon II Targaryen,28,747.95,11
b0f2ed59-c0d9-4a9c-ba38-c03bffab3891,2023-11-10T02:16:37Z,43247094053,Tony Stark,48,30.71,11
5a0e9e6f-cdb7-4c59-86cf-e471493c6079,2023-05-20T07:00:02Z,58512051398,Tony Stark,48,352.96,8
7bf3d030-a5c8-4284-8af3-7e6b2acd4670,2023-08-03T10:24:18Z,77161267299,Triss Merigold,39,301.97,10
df0f72b2-20d7-4da1-bb29-ed2f200711b5,2023-04-23T16:34:56Z,11541003233,Joel,54,603.98,4
adcc6c2a-01f2-48a0-9e7a-a9b7382aa6a7,2023-03-03T11:12:41Z,23050489532,Triss Merigold,39,436.02,1
61297e25-a750-4371-9529-31b773e1c97f,2023-10-11T21:57:08Z,12049648316,Sin,55,883.38,5
acaa695c-d5f7-4623-8d7e-ee73244bfb47,2023-11-13T13:09:14Z,83818027144,Dumbledore,84,195.90,9
9f3369fa-a4c5-44b0-a5fe-206e055746b6,2023-04-07T22:15:15Z,75506476121,Bruce Wayne,42,584.26,8
4481fadc-36d8-417b-b7e6-20ecc60726cc,2023-02-21T08:34:53Z,99677080113,Bruce Wayne,42,10.73,9
06ad217f-9bd4-46de-b9ab-aaa6c385c9f5,2023-08-23T18:57:24Z,26002260568,Bruce Wayne,42,209.05,2
e0e2723f-cc6b-4a18-8624-29831acd249f,2023-10-25T12:22:53Z,42525966074,Doran Martell,52,302.24,10
2a44173a-989c-416d-a561-a8c7bed951a7,2023-08-12T00:36:52Z,48195302057,Selyse Florent,40,988.79,4
0374a1ac-5876-43c1-9606-27dc2e17a88b,2023-10-27T18:03:27Z,12679812095,Bruce Wayne,42,765.48,8
9373099a-f5d8-41f2-8e0e-539f4b5d053d,2023-11-22T11:32:40Z,60705632716,Bruce Wayne,42,158.14,2
0c12c2c0-8485-4d9f-bbad-19fbbfc04021,2023-03-16T19:27:40Z,43803479867,Gandalf,85,94.79,10
2fe348c1-561a-4b78-b102-6795dc5d79d9,2023-01-17T13:05:21Z,95466655351,Titus Drautos,40,347.79,4
eb03006f-cced-4127-91de-a0ed81ff3796,2023-11-11T04:22:13Z,95979925612,Bruce Wayne,42,357.28,10
347808b6-32c0-48d4-840d-ac51cbb2781e,2023-07-06T05:20:51Z,82986033328,Tony Stark,48,449.98,1
b98a33e3-c1c3-467e-bb1c-f0df30fc4020,2023-04-13T19:39:14Z,47367270401,Jack Sparrow,40,208.16,9
331fa176-95e1-4ea2-a6d0-e58f7e12dbaa,2023-10-13T02:03:34Z,69363299336,Bruce Wayne,42,648.02,2
e5973d7c-3168-491f-bb8a-7091351c116a,2023-10-17T16:05:02Z,79729147480,Margaery Tyrell,25,54.28,10
d2d60b62-7936-4c45-bcfd-f3eec18754ce,2023-11-06T12:01:59Z,21399526575,Sansa Stark,26,775.53,9
1a7fca10-4561-4b59-bf0f-e46d2a30a730,2023-06-15T07:37:10Z,24929250327,Bruce Wayne,42,644.25,2
19a35fda-26db-4a55-b879-d7ea90816710,2023-09-21T07:06:56Z,33686525949,Aegon V Targaryen,58,639.65,3
36685c87-07c1-496c-bf6b-e82304a0e86d,2023-07-22T00:33:48Z,20634731435,Bruce Wayne,42,718.37,7
27dd2c10-da0a-44ea-b6a1-44ef259c4030,2023-10-02T02:09:04Z,71504570620,Cor Leonis,45,702.91,9
9896f9de-678d-4713-b165-f5edb859c04e,2023-08-02T19:16:34Z,06765870210,Tony Stark,48,232.04,10
cffb21be-30b6-4150-b0f2-04716e94ce5e,2023-10-25T13:52:27Z,84585727854,Bruce Wayne,42,348.43,8
d9d647bb-a770-4193-8853-7a6649ed0db2,2023-08-12T02:01:29Z,34352190293,Tony Stark,48,88.72,5
f2f37acf-d5f4-47dc-ad17-c8bdc20b9fc6,2023-07-07T23:51:54Z,16633889665,Tony Stark,48,24.38,8
d4070274-6ea5-4397-b4b3-023088b8f89f,2023-08-13T07:03:18Z,75448614548,Squall Leonhart,25,734.87,3
9dac46e4-1f2b-4ce8-a987-f363a6d6bc79,2023-09-11T04:49:35Z,22407568634,Bruce Wayne,42,410.62,2
43d269b4-94c9-464f-ab8e-e3f364723139,2023-03-17T13:25:21Z,71653540414,Bruce Wayne,42,885.86,12
98a63176-b7be-4c1e-8175-28d46d0698e0,2023-09-20T15:24:25Z,52673376120,Bruce Wayne,42,160.17,5
686e9b31-caeb-4908-95d5-931b50a8df9c,2023-12-28T06:18:12Z,09326655407,Bruce Wayne,42,87.28,7
32d527d4-485a-47ee-a9d5-e95f6b40ede7,2023-06-15T04:00:43Z,82982060095,Hal Jordan,38,974.80,3
1521e422-297d-4fa4-8252-1e7bdf3edeb2,2023-11-05T07:53:08Z,99200839899,Ethan Hunt,42,53.39,7
2bb2921d-c86f-444b-8f85-1a9aaac43609,2023-06-09T14:52:14Z,44396708729,Bruce Wayne,42,430.58,3
5b73bc48-f353-4cd8-955e-a15f5353ec49,2023-12-20T05:47:50Z,10732891068,Tony Stark,48,178.17,12
6b13ff10-1b29-4853-82cc-3b219b356b87,2023-11-17T18:02:34Z,53700188357,Bruce Wayne,42,58.21,1
6260d2ce-aadd-4fec-bb90-e78529403ac0,2023-06-22T06:35:52Z,21876142103,Bruce Wayne,42,402.80,3
05060bf8-01f4-4ba9-904e-12a1486d264d,2023-06-04T17:24:33Z,27307875027,Bruce Wayne,42,824.99,3
89cc0e7c-e9e9-427e-80af-10d907edc9ca,2023-09-06T07:35:42Z,85832027728,Tony Stark,48,486.75,2
1d927bcd-2a15-401a-bce8-2d24f265c3bd,2023-02-14T22:03:35Z,16829025264,Bruce Wayne,42,391.02,4
1ac33715-21e8-4091-86e5-6cd21532e0f0,2023-08-19T19:22:04Z,69927486712,Bruce Wayne,42,661.65,10
ee54aed6-8e4f-4b74-934b-93dbfda5f67e,2023-09-03T16:53:39Z,68550250128,Bruce Wayne,42,311.87,11
cdc9c8f9-0704-469c-a990-f01da3ae2d06,2023-07-26T12:28:20Z,35339488182,Laenor Velaryon,33,832.67,9
bfe3cbee-a4c8-4fd8-8899-137645d7eabb,2023-08-24T08:52:39Z,42274408533,Tony Stark,48,567.54,12
a4dd2a8a-da04-4497-af4a-c1a085b8a1cc,2023-05-20T04:58:08Z,92851778072,Auron,45,654.79,10
2bab0bf5-80be-40e2-b2e6-7da75826afe9,2023-12-23T19:00:02Z,70938393976,Tony Stark,48,871.31,9
0df56e69-2f3f-456e-8712-30d7979679f3,2023-09-13T18:32:45Z,86732517885,Tony Stark,48,504.84,2
7d3027c0-0dec-4a6e-a730-c45adfcb0802,2023-10-20T16:21:35Z,11577172092,Bruce Wayne,42,544.49,4
bf594b01-854b-4f01-93d6-ddbdc5a01ef5,2023-06-27T20:19:17Z,41436299470,Daemon Velaryon,38,873.73,1
973c87f2-f4da-4d4b-b3b0-8c02e7b7c8d2,2023-01-18T03:30:59Z,65984725706,Tony Stark,48,433.26,4
4a177217-4538-432e-b1e9-9678a9c452d6,2023-07-22T20:31:13Z,23094783525,Sarah Connor,45,728.70,3
cd8ed1c8-aaf0-420f-b205-5cbe14a3a4e6,2023-06-25T07:59:31Z,96669580595,Helaena Targaryen,24,160.60,7
c7ff0821-5b3a-41db-8873-5c8d7e46d595,2023-09-21T08:23:59Z,34951735634,Rhaenyra Targaryen,35,719.13,10
14a19181-76bb-4e47-917b-3f1b641c5cd3,2023-02-07T18:56:29Z,65951110478,Gladiolus Amicitia,29,961.60,12
88f47f35-9108-4a1f-a7f4-d964de88cf7a,2023-11-22T13:23:27Z,95101657268,Megaman,27,883.41,11
410373fa-a73c-4513-a53b-7c98c6f2b22b,2023-06-08T22:37:38Z,92628138163,Bruce Wayne,42,516.96,7
7eb8880a-c9ee-4bcf-a676-19fae53dc2f3,2023-06-06T10:59:45Z,90091898058,Tony Stark,48,398.31,11
3e09b205-cef0-4f7f-96a7-030e588b611d,2023-06-12T01:09:53Z,02366554820,Boromir,42,366.45,10
40943622-d368-47a2-9b60-c3e3d5646234,2023-09-27T04:32:37Z,67633430716,Bruce Wayne,42,527.60,3
8f5aef41-f029-4920-91a3-0a2d641309aa,2023-03-21T16:27:42Z,40642625774,Tony Stark,48,573.07,6
dad99f1a-1295-4bf4-9c16-9c1f9f5ae9b3,2023-12-26T12:18:07Z,70968775925,Cortana,30,62.85,8
9e34a6f2-b90f-4bfb-b3f7-a62c27728621,2023-03-02T03:09:39Z,38699460185,Bruce Wayne,42,817.74,5
c1598329-21ea-49f3-9338-bda51593dae5,2023-12-25T13:39:13Z,45999445922,Bruce Wayne,42,345.80,10
e7ea5346-0964-410b-a0b6-13bad48248d6,2023-04-21T13:40:07Z,05333618627,Bruce Wayne,42,97.14,6
cccbc4e7-bb99-4848-822c-5b5add4d1349,2023-05-14T14:33:12Z,24894300517,Tony Stark,48,386.55,9
cbcf5409-bffe-41cf-8d56-b800c4a19660,2023-05-08T05:10:26Z,87517587469,Boromir,42,768.59,12
b69fda3c-e92a-4e26-8e8a-8554b5a04852,2023-04-26T13:43:38Z,98746507305,Bruce Wayne,42,774.71,7
891be655-b27c-4a06-9407-c9f6062e765d,2023-02-13T20:08:05Z,44155969503,Elena Fisher,33,781.27,11
592ed6db-b7a8-49cd-85d0-5c6d0968bea0,2023-12-24T13:02:07Z,31000611679,Bruce Wayne,42,839.95,12
ce1ef344-62cc-4b74-9086-b21e27983b02,2023-03-06T07:42:33Z,06450786611,Alliser Thorne,50,564.05,5
b63834c0-ce62-45a9-bf76-dff69ab5bf58,2023-03-05T10:34:27Z,65948867609,Tony Stark,48,416.27,12
e67e68d7-fd61-4638-9358-4181fc00b97f,2023-04-13T08:01:20Z,14867215724,Tony Stark,48,112.52,12
bae05fb3-8400-45a8-9254-ff9bf8db36e3,2023-11-02T02:34:34Z,94982534609,Brynden Tully,60,777.87,8
d89a7062-b13c-4991-ae80-cdf4d6c6adf5,2023-07-27T19:50:33Z,87862900302,Tony Stark,48,706.18,8
0aa61b35-3e6f-404c-9900-273c861e63ac,2023-02-20T18:30:13Z,41504568085,Auron,45,917.46,3
57f5ba9f-53ba-43ed-b564-7e668e9d5662,2023-03-16T04:20:11Z,68839380209,Tony Stark,48,846.80,7
5f715fef-5b5a-4c4b-a21b-aeacbadf808b,2023-02-04T09:32:14Z,64742109595,Bruce Wayne,42,702.60,3
9dac6c3e-664c-4754-a323-ebd18ea40fc9,2023-05-15T08:46:49Z,04107039877,Cortana,30,871.65,10
e91e8c2a-1004-4321-a5b8-880e28201c6d,2023-07-08T09:38:20Z,99301584664,Atreus,17,176.00,4
ac42b3f7-a1e0-4cc5-859f-987d860493d7,2023-02-05T18:15:00Z,94791798545,Jaehaerys I Targaryen,70,152.24,2
2bbe6fce-767c-4d08-9298-7b03e300c13a,2023-04-04T18:22:19Z,32500573996,Bruce Wayne,42,858.94,5
d8a62e8b-4aef-43df-a9e2-f6abd07f7dd6,2023-05-14T18:58:16Z,15491246464,Elena Fisher,33,703.69,5
a695081e-257d-437f-85d2-500ab858c49a,2023-11-16T19:07:40Z,04883213283,Bruce Wayne,42,85.82,6
bb814add-ed3f-4b59-8a9f-46776d19d13d,2023-01-05T19:51:21Z,76246690934,Tony Stark,48,403.87,8
00222961-5803-46e7-baec-858322a9a2ee,2023-07-07T00:16:36Z,71141395761,Bruce Wayne,42,342.92,1
fd0faf28-9c30-4530-be12-61cac2b07108,2023-06-27T15:48:41Z,33842966410,Tony Stark,48,442.62,4
b06d5a63-1c5e-42a6-99d3-fcfe20cb3a89,2023-02-10T07:26:37Z,91556323782,Tony Stark,48,679.98,12
41cd3b94-e2b5-45ce-ab47-a0752824a813,2023-04-10T06:22:09Z,47853947726,Thor Odinson,33,212.69,10
244617f0-7d30-49e9-87b2-f98c22f518f4,2023-12-18T07:16:41Z,69125438406,Tony Stark,48,434.51,8
c6fe6e30-4436-4a22-94c9-f2f17e874802,2023-02-18T11:28:56Z,88453860447,Bruce Wayne,42,267.76,3
b10e60b3-7793-41fc-a7cf-9517660cbff9,2023-08-07T23:21:39Z,05293775433,Gordon Freeman,37,7.90,6
c36bd83c-6a25-4241-93a6-11cbf390ba77,2023-07-14T21:19:42Z,95489924114,Bruce Wayne,42,80.18,3
72c47df7-d354-474e-9193-3e23b71679e1,2023-10-12T07:01:25Z,19568963062,Tony Stark,48,90.99,4
40878e6a-cef5-499d-b50b-ff45cd2f17ba,2023-10-17T02:25:03Z,11280777101,Ravus Nox Fleuret,31,690.96,10
81265217-3e9d-43b8-a76a-081f897c7aaa,2023-04-16T06:03:58Z,06576819608,Tony Stark,48,666.36,1
7faaf7b7-9ac5-467f-99a8-c5389a5777aa,2023-08-10T19:45:19Z,97159156167,Bruce Wayne,42,158.34,1
32d42b66-0739-4497-bc44-f2ad827c64bb,2023-11-27T08:18:09Z,90022611473,Bruce Wayne,42,115.20,3
e25306dc-1f78-457b-8505-05997f8d5c87,2023-01-02T00:27:27Z,06288550134,Bruce Wayne,42,61.98,3
7656af19-3513-4af4-8891-1216dc545bc5,2023-10-03T04:59:29Z,51888685125,Tony Stark,48,387.66,9
1c45f27b-4547-4e35-96f2-169e4565dbb6,2023-03-09T09:02:10Z,53067705221,Tony Stark,48,969.85,11
a19b64a8-dee7-4c9c-b39b-876786da47f5,2023-06-27T05:33:29Z,74866656224,Bruce Wayne,42,571.67,11
6b025b82-53c0-40d3-921d-c56d47453b6a,2023-08-19T08:17:30Z,85398019138,Ron Weasley,28,324.42,1
7b97ccb0-f828-4f70-a5e3-6d974a4a44e9,2023-12-08T19:49:24Z,19222869082,Bruce Wayne,42,966.86,1
bde79e13-d6a3-4a91-a9b8-c6370ca139aa,2023-11-25T04:16:50Z,93954044132,Bruce Wayne,42,184.11,2
091d013d-6ad6-41d3-a02f-d9afd4230b7f,2023-03-25T18:00:38Z,90875343000,Freya Crescent,34,644.19,3
91b0879d-5564-491e-8e08-769495f2f1c5,2023-05-07T23:36:43Z,27505104926,Bruce Wayne,42,213.54,10
da3203c0-146b-46ee-933b-ca3851579f8d,2023-11-24T03:02:13Z,86051322826,Sherlock Holmes,40,406.77,8
9623ba0e-8e43-4c46-aaee-a5beb3bf269d,2023-03-23T15:34:23Z,30397503073,Daeron II Targaryen,50,572.61,10
a98e149b-6c81-43d2-b1cf-34f9e4bf72dd,2023-03-02T23:46:24Z,17318013872,Bruce Wayne,42,480.64,1
8f1ac592-a5bc-4e59-8516-0dc23f851e08,2023-01-25T05:55:11Z,05683747963,Bruce Wayne,42,733.37,3
c63f019c-3b5b-4596-aa97-444131772cfe,2023-03-20T08:04:09Z,71301070510,Viserys I Targaryen,50,228.92,4
61472f4c-2324-49bc-a5f6-2d64b42c590e,2023-11-19T08:16:18Z,31439863231,Bruce Wayne,42,27.87,7
f20cc77d-beec-4b6a-8b81-c6f6c970e41b,2023-10-07T06:49:39Z,73872259012,Yuffie Kisaragi,22,758.94,8
01a043d4-3811-45d6-a06d-b775d794e118,2023-01-08T19:40:41Z,61658421650,Luna Lovegood,26,431.75,5
aa1a0ac0-fac2-4537-9350-08fa6a58e23f,2023-10-28T08:50:01Z,87312346287,Kylo Ren,31,590.12,1
3f3cbfae-399f-43c2-bff8-1cc4865e5401,2023-11-11T03:56:45Z,03219952685,Tony Stark,48,164.80,10
a6586866-1d07-4b6e-85a5-b87b1e5f21c0,2023-01-02T07:37:00Z,56307679598,Bruce Wayne,42,600.81,6
4cb64c88-623e-49aa-b609-63527f632768,2023-03-16T09:15:18Z,16143043152,Crowe Altius,24,241.50,12
84eb86a9-cf2f-4ae3-bee8-9f3f7d982baa,2023-08-10T03:02:23Z,23015392748,Loqi Tummelt,25,923.89,9
fe8445b0-b003-47ec-9855-0555d47a26a2,2023-10-24T03:15:00Z,47657173653,Bruce Wayne,42,696.44,4
1c382db7-507f-4613-bc41-4e4c1f3d5bf1,2023-03-03T21:48:34Z,59252300739,Bruce Wayne,42,505.61,5
686e9b31-caeb-4908-95d5-931b50a8df9c,2023-12-28T06:18:12Z,09326655407,Bruce Wayne,42,87.28,7
686e9b31-caeb-4908-95d5-931b50a8df9c,2023-12-28T06:18:12Z,09326655407,Bruce Wayne,42,87.28,7
aa5d91ef-ad63-4c85-8d6c-09af80bf7121,2023-03-24T06:45:01Z,96782242961,Robert Baratheon,50,205.73,4
4b91593a-7470-45d4-9c82-a1e1515789aa,2023-07-21T22:02:47Z,61004630814,Tony Stark,48,23.71,4
732f009e-6dc5-4105-8d6c-485dabd2f5d5,2023-12-01T09:17:48Z,24932031592,Bruce Wayne,42,46.74,8
14140ae8-5115-457e-b2cc-039438593028,2023-08-27T01:24:04Z,26120307545,Tony Stark,48,743.89,8
32d527d4-485a-47ee-a9d5-e95f6b40ede7,2023-06-15T04:00:43Z,82982060095,Hal Jordan,38,974.80,3
32d527d4-485a-47ee-a9d5-e95f6b40ede7,2023-06-15T04:00:43Z,82982060095,Hal Jordan,38,974.80,3
ce582f6c-eacf-42a9-b531-3e0b11d3e27e,2023-10-27T01:18:18Z,93008044563,Sarah Connor,45,272.48,2
80aa5bdd-efb2-4daf-91d3-dc9e0490b4c0,2023-12-09T18:53:39Z,15547146757,Ignis Scientia,27,408.98,9
0cac3bf3-1650-4603-829f-430aa0da2047,2023-10-17T03:14:21Z,75593962587,Euron Greyjoy,45,411.08,7
1521e422-297d-4fa4-8252-1e7bdf3edeb2,2023-11-05T07:53:08Z,99200839899,Ethan Hunt,42,53.39,7
919d071e-f3ad-48cd-afd1-0ec5414f906e,2023-03-09T07:16:21Z,50945236315,Bruce Wayne,42,409.37,1
ba71eed4-5a1d-478d-8b85-54a21e69ed89,2023-03-15T18:52:24Z,85448524165,Tony Stark,48,701.42,7
bbfe05e8-c147-45c1-a521-849a52459fb7,2023-11-08T20:21:13Z,37245416854,Laena Velaryon,35,92.19,1
7faae8f8-a194-4411-ab20-921a794cf9b5,2023-04-05T22:07:04Z,28216452612,Sansa Stark's direwolf,10,998.00,9
1070a31d-1df6-46e2-968f-18923b485796,2023-05-08T06:59:24Z,61702448977,Severus Snape,52,968.79,2
1521e422-297d-4fa4-8252-1e7bdf3edeb2,2023-11-05T07:53:08Z,99200839899,Ethan Hunt,42,53.39,7
80138ced-823c-413c-9795-d89a34eb9ea3,2023-04-20T07:38:56Z,59718196592,Bruce Wayne,42,329.72,6
8ea2f49b-6f8a-4741-aeda-464cd7890829,2023-09-08T07:49:42Z,94732122281,Tony Stark,48,600.00,7
2bb2921d-c86f-444b-8f85-1a9aaac43609,2023-06-09T14:52:14Z,44396708729,Bruce Wayne,42,430.58,3
2bb2921d-c86f-444b-8f85-1a9aaac43609,2023-06-09T14:52:14Z,44396708729,Bruce Wayne,42,430.58,3
5b73bc48-f353-4cd8-955e-a15f5353ec49,2023-12-20T05:47:50Z,10732891068,Tony Stark,48,178.17,12
6b13ff10-1b29-4853-82cc-3b219b356b87,2023-11-17T18:02:34Z,53700188357,Bruce Wayne,42,58.21,1
6260d2ce-aadd-4fec-bb90-e78529403ac0,2023-06-22T06:35:52Z,21876142103,Bruce Wayne,42,402.80,3
05060bf8-01f4-4ba9-904e-12a1486d264d,2023-06-04T17:24:33Z,27307875027,Bruce Wayne,42,824.99,3
a7270392-7009-4461-8eb9-b84d60a1b221,2023-07-27T04:39:14Z,76870846732,Edmure Tully,35,935.65,2
a25ab47a-3039-44ab-8629-146df74b1f1b,2023-12-11T20:59:41Z,25936864775,Ravus Nox Fleuret,31,646.88,6
3c478ace-d834-4285-bbea-c582a357a31d,2023-01-22T15:07:53Z,61693245606,Tony Stark,48,165.09,12
89cc0e7c-e9e9-427e-80af-10d907edc9ca,2023-09-06T07:35:42Z,85832027728,Tony Stark,48,486.75,2
1d927bcd-2a15-401a-bce8-2d24f265c3bd,2023-02-14T22:03:35Z,16829025264,Bruce Wayne,42,391.02,4
1ac33715-21e8-4091-86e5-6cd21532e0f0,2023-08-19T19:22:04Z,69927486712,Bruce Wayne,42,661.65,10
ee54aed6-8e4f-4b74-934b-93dbfda5f67e,2023-09-03T16:53:39Z,68550250128,Bruce Wayne,42,311.87,11
cdc9c8f9-0704-469c-a990-f01da3ae2d06,2023-07-26T12:28:20Z,35339488182,Laenor Velaryon,33,832.67,9
5b73bc48-f353-4cd8-955e-a15f5353ec49,2023-12-20T05:47:50Z,10732891068,Tony Stark,48,178.17,12
38379fc8-a7c8-4e4a-af94-4f8913cf6686,2023-05-28T22:36:44Z,99164027774,Bruce Wayne,42,697.38,10
55df392f-2e0d-41f9-bee2-7c21b9be5426,2023-04-02T14:35:59Z,48011595157,Peach,35,863.50,2
fd116455-5ab9-4eb1-9c24-993795038e90,2023-11-24T18:49:12Z,40831145173,Tony Stark,48,843.31,3
6b13ff10-1b29-4853-82cc-3b219b356b87,2023-11-17T18:02:34Z,53700188357,Bruce Wayne,42,58.21,1
6260d2ce-aadd-4fec-bb90-e78529403ac0,2023-06-22T06:35:52Z,21876142103,Bruce Wayne,42,402.80,3
05060bf8-01f4-4ba9-904e-12a1486d264d,2023-06-04T17:24:33Z,27307875027,Bruce Wayne,42,824.99,3
89cc0e7c-e9e9-427e-80af-10d907edc9ca,2023-09-06T07:35:42Z,85832027728,Tony Stark,48,486.75,2
bfe3cbee-a4c8-4fd8-8899-137645d7eabb,2023-08-24T08:52:39Z,42274408533,Tony Stark,48,567.54,12
7e6d048a-240b-45ed-9e08-da0b43c7dff0,2023-08-05T03:09:44Z,58967994954,Darth Vader,60,469.00,4
f400251f-499c-47e6-899c-7e10c7dc9432,2023-09-20T14:42:18Z,20657030573,Aegon III Targaryen,22,476.60,8
e959699f-5ab7-4a1d-ac27-57769aedb31c,2023-06-23T23:59:29Z,45408626926,Tony Stark,48,209.05,3
1d927bcd-2a15-401a-bce8-2d24f265c3bd,2023-02-14T22:03:35Z,16829025264,Bruce Wayne,42,391.02,4
a4dd2a8a-da04-4497-af4a-c1a085b8a1cc,2023-05-20T04:58:08Z,92851778072,Auron,45,654.79,10
e453cc51-db08-4df5-b334-bb4dba6c367d,2023-05-13T21:11:43Z,93003739860,Bruce Wayne,42,280.71,4
0d31d0c4-5ff0-468e-875d-3e6a39cb94ec,2023-05-03T00:19:44Z,50405475757,Aegon V Targaryen,58,522.44,3
1ac33715-21e8-4091-86e5-6cd21532e0f0,2023-08-19T19:22:04Z,69927486712,Bruce Wayne,42,661.65,10
965b1a47-cd52-413c-bb8a-7eeab91f8624,2023-12-14T22:49:21Z,32825978371,Khal Drogo,41,782.00,11
2bab0bf5-80be-40e2-b2e6-7da75826afe9,2023-12-23T19:00:02Z,70938393976,Tony Stark,48,871.31,9
fdd103cb-ff54-4bb3-b4e7-28151a07b870,2023-08-26T23:23:12Z,95257863596,Legolas,33,649.29,6
dec35efd-e0ed-47d1-a9cf-67dec129a7aa,2023-07-04T09:01:37Z,54537821717,Hedwig,18,213.53,6
ee54aed6-8e4f-4b74-934b-93dbfda5f67e,2023-09-03T16:53:39Z,68550250128,Bruce Wayne,42,311.87,11
cf47e556-0930-42c5-b020-03551a4e7fa5,2023-12-19T20:53:42Z,85129167981,Vincent Valentine,45,692.62,11
0df56e69-2f3f-456e-8712-30d7979679f3,2023-09-13T18:32:45Z,86732517885,Tony Stark,48,504.84,2
a6afe465-4612-48d5-b6f9-eb4c668a834f,2023-12-25T09:12:18Z,74943872476,Megaman,27,130.54,3
75ab7917-11d2-4498-8530-cbede3e936da,2023-11-05T03:07:31Z,91677332280,Luna Lovegood,26,568.65,7
cdc9c8f9-0704-469c-a990-f01da3ae2d06,2023-07-26T12:28:20Z,35339488182,Laenor Velaryon,33,832.67,9
97cae8cf-86b6-470e-b143-af53b7dd0a01,2023-09-06T00:42:40Z,32720019396,Bruce Wayne,42,680.17,12
7d3027c0-0dec-4a6e-a730-c45adfcb0802,2023-10-20T16:21:35Z,11577172092,Bruce Wayne,42,544.49,4
6e03c405-5825-4f87-8a6f-8613f09a97e7,2023-01-11T12:46:16Z,84712693011,Vergil,37,10.02,3
c192c459-4c01-429e-8eed-d8b7aa6fcf29,2023-11-27T05:39:56Z,72119082487,Bruce Wayne,42,77.98,8
bfe3cbee-a4c8-4fd8-8899-137645d7eabb,2023-08-24T08:52:39Z,42274408533,Tony Stark,48,567.54,12
e0f359f8-5fd6-40c4-b095-54c7443ff564,2023-12-18T12:56:22Z,28762967723,Wakka,29,41.91,7
bf594b01-854b-4f01-93d6-ddbdc5a01ef5,2023-06-27T20:19:17Z,41436299470,Daemon Velaryon,38,873.73,1
044e678b-ff54-4853-b57d-207999983be7,2023-03-19T01:22:25Z,27668377156,Bruce Wayne,42,142.69,4
049d45c5-21c2-4415-84f6-90a5488846a1,2023-05-22T09:17:35Z,16453474232,Tony Stark,48,250.88,8
a4dd2a8a-da04-4497-af4a-c1a085b8a1cc,2023-05-20T04:58:08Z,92851778072,Auron,45,654.79,10
ac4f807c-d774-4f4e-a3e3-46ad22d8b5c7,2023-03-28T14:13:24Z,63505968308,Rhaena Targaryen,42,69.79,9
973c87f2-f4da-4d4b-b3b0-8c02e7b7c8d2,2023-01-18T03:30:59Z,65984725706,Tony Stark,48,433.26,4
7a4eaf2a-2258-475f-9e4d-68720066433b,2023-12-03T13:57:59Z,29812095676,Sarah Connor,45,836.10,4
ce0c34b1-a385-4a66-a541-da48f7e09f3c,2023-10-07T21:06:12Z,53574781010,Bruce Wayne,42,784.89,11
2bab0bf5-80be-40e2-b2e6-7da75826afe9,2023-12-23T19:00:02Z,70938393976,Tony Stark,48,871.31,9
a176a732-c88d-4eea-b87b-d726f2846eb4,2023-01-04T07:40:26Z,20143422444,Bruce Wayne,42,654.36,10
4a177217-4538-432e-b1e9-9678a9c452d6,2023-07-22T20:31:13Z,23094783525,Sarah Connor,45,728.70,3
be707cc1-0c7b-488e-831d-ae1bcce0791e,2023-01-26T04:25:39Z,82631592726,Tony Stark,48,117.96,2
0803fe32-45fc-4351-9f84-05204089f0ee,2023-03-26T22:34:23Z,01430307167,Tony Stark,48,558.78,5
0df56e69-2f3f-456e-8712-30d7979679f3,2023-09-13T18:32:45Z,86732517885,Tony Stark,48,504.84,2
09b03798-79bc-42e1-892c-36bb552227e6,2023-07-19T08:12:07Z,71394666505,Tony Stark,48,135.65,6
e91e8c2a-1004-4321-a5b8-880e28201c6d,2023-07-08T09:38:20Z,99301584664,Atreus,17,176.00,4
d619040f-6199-480a-9ab3-a0012e9e56c8,2023-11-17T04:31:14Z,73821729864,Brick,39,57.67,11
e317ead3-f69a-484b-a3e2-5c9dfb708ae9,2023-11-04T10:15:04Z,04648271464,Tony Stark,48,870.93,8
7d3027c0-0dec-4a6e-a730-c45adfcb0802,2023-10-20T16:21:35Z,11577172092,Bruce Wayne,42,544.49,4
31fcae8d-1467-4240-a92c-be3710415d44,2023-03-12T04:36:10Z,16902901086,Cid Sophiar,60,794.76,6
ac42b3f7-a1e0-4cc5-859f-987d860493d7,2023-02-05T18:15:00Z,94791798545,Jaehaerys I Targaryen,70,152.24,2
db712c60-8967-4eff-80b0-0c1cd711b885,2023-11-28T07:08:05Z,49165016796,Tony Stark,48,88.80,5
4c4d265d-0076-4cc6-b9d9-0e1d09861a2c,2023-06-19T05:45:15Z,94617933497,Tony Stark,48,528.49,1
bf594b01-854b-4f01-93d6-ddbdc5a01ef5,2023-06-27T20:19:17Z,41436299470,Daemon Velaryon,38,873.73,1
9b53119d-7d53-42ad-99b4-f5f1d0a08d8a,2023-05-26T15:35:17Z,71415537134,Tony Stark,48,749.25,7
2bbe6fce-767c-4d08-9298-7b03e300c13a,2023-04-04T18:22:19Z,32500573996,Bruce Wayne,42,858.94,5
1c43c02f-e9a3-4d68-beaf-5ea275a3f94d,2023-07-23T19:28:43Z,59223111222,Bruce Wayne,42,342.01,7
ab6cb5c8-c8e2-49f9-ab00-6c9da2251222,2023-08-11T00:38:09Z,26183392503,Tony Stark,48,507.68,4
973c87f2-f4da-4d4b-b3b0-8c02e7b7c8d2,2023-01-18T03:30:59Z,65984725706,Tony Stark,48,433.26,4
e2fd7fde-ac4f-440c-9c3b-f7290cf627a7,2023-06-03T10:57:09Z,22893437896,Tony Stark,48,401.96,8
d8a62e8b-4aef-43df-a9e2-f6abd07f7dd6,2023-05-14T18:58:16Z,15491246464,Elena Fisher,33,703.69,5
8301cb8a-19da-4f75-9da3-d29d3b9cccf6,2023-12-23T03:31:32Z,85179280973,Tony Stark,48,926.35,2
00727a85-3eac-4305-a93c-e4e6a690c0f9,2023-01-04T10:09:35Z,21600167121,Bruce Wayne,42,203.14,8
4a177217-4538-432e-b1e9-9678a9c452d6,2023-07-22T20:31:13Z,23094783525,Sarah Connor,45,728.70,3
ceb3f9bb-3295-4671-84d8-537f4f847e2d,2023-10-24T22:23:07Z,43749898797,Bruce Wayne,42,632.34,6
a695081e-257d-437f-85d2-500ab858c49a,2023-11-16T19:07:40Z,04883213283,Bruce Wayne,42,85.82,6
f9e62f96-7b9b-4b0b-856c-09e5983abe49,2023-07-27T07:00:05Z,79223034815,Zell Dincht,24,797.85,7
344644bf-5302-43c8-9dbb-1404b9b7b6f6,2023-06-20T00:15:08Z,70589873401,Remus Lupin,49,122.29,8
e91e8c2a-1004-4321-a5b8-880e28201c6d,2023-07-08T09:38:20Z,99301584664,Atreus,17,176.00,4
741cb952-354f-49e4-99fe-be2d2ff1386b,2023-11-06T14:58:36Z,16896844614,Bruce Wayne,42,597.40,8
bb814add-ed3f-4b59-8a9f-46776d19d13d,2023-01-05T19:51:21Z,76246690934,Tony Stark,48,403.87,8
7d5a1877-8847-447e-b601-acefee5ac39f,2023-06-24T00:07:30Z,35767852129,Boromir,42,563.99,3
8b793526-2ff3-44a7-ba02-07673fa6e0d2,2023-11-17T14:43:38Z,57390469437,Dr. John Watson,37,633.35,8
ac42b3f7-a1e0-4cc5-859f-987d860493d7,2023-02-05T18:15:00Z,94791798545,Jaehaerys I Targaryen,70,152.24,2
9e86cb94-045d-4db9-8fed-627ea0b7ea7b,2023-01-17T00:10:09Z,10670480503,Voldemort,70,932.58,5
00222961-5803-46e7-baec-858322a9a2ee,2023-07-07T00:16:36Z,71141395761,Bruce Wayne,42,342.92,1
d8e3ad24-284f-40b4-96eb-5a0d4337d71d,2023-09-11T22:22:22Z,66625983911,Tony Stark,48,545.38,6
aeb71520-5363-4936-a4aa-33e4662ce85e,2023-05-01T11:47:52Z,81152056302,Tony Stark,48,203.45,9
2bbe6fce-767c-4d08-9298-7b03e300c13a,2023-04-04T18:22:19Z,32500573996,Bruce Wayne,42,858.94,5
243bcf20-b2b1-4314-956f-991c5f5ba379,2023-10-16T08:48:14Z,14609924942,Bruce Wayne,42,708.90,1
fd0faf28-9c30-4530-be12-61cac2b07108,2023-06-27T15:48:41Z,33842966410,Tony Stark,48,442.62,4
f2f37acf-d5f4-47dc-ad17-c8bdc20b9fc6,2023-07-07T23:51:54Z,16633889665,Tony Stark,48,24.38,8
2b422af2-b895-475e-b93a-9e5584f9c06c,2023-07-12T17:42:59Z,52967274852,Master Chief,45,941.36,11
d8a62e8b-4aef-43df-a9e2-f6abd07f7dd6,2023-05-14T18:58:16Z,15491246464,Elena Fisher,33,703.69,5
e6142a04-8768-4362-b676-46b3fb05e18b,2023-10-20T15:38:00Z,41351752860,Rhaenyra Targaryen,35,242.41,11
b06d5a63-1c5e-42a6-99d3-fcfe20cb3a89,2023-02-10T07:26:37Z,91556323782,Tony Stark,48,679.98,12
d4070274-6ea5-4397-b4b3-023088b8f89f,2023-08-13T07:03:18Z,75448614548,Squall Leonhart,25,734.87,3
8802667d-cc47-409e-8cc3-c2a42da3f6eb,2023-11-07T17:47:02Z,46859736445,Samwise Gamgee,38,674.22,12
a695081e-257d-437f-85d2-500ab858c49a,2023-11-16T19:07:40Z,04883213283,Bruce Wayne,42,85.82,6
a89a123c-ae26-4884-b67a-c0daeee1ce6e,2023-04-03T11:21:05Z,44247032290,Hercule Poirot,60,732.74,1
41cd3b94-e2b5-45ce-ab47-a0752824a813,2023-04-10T06:22:09Z,47853947726,Thor Odinson,33,212.69,10
9dac46e4-1f2b-4ce8-a987-f363a6d6bc79,2023-09-11T04:49:35Z,22407568634,Bruce Wayne,42,410.62,2
766959e7-9426-40bb-910a-d98cf7eaffbc,2023-04-26T09:34:27Z,88136761368,Tony Stark,48,186.51,10
bb814add-ed3f-4b59-8a9f-46776d19d13d,2023-01-05T19:51:21Z,76246690934,Tony Stark,48,403.87,8
cb0dbe76-75e5-4dee-8caa-6661910321a4,2023-02-19T13:10:56Z,63803556336,Crowe Altius,24,802.04,2
244617f0-7d30-49e9-87b2-f98c22f518f4,2023-12-18T07:16:41Z,69125438406,Tony Stark,48,434.51,8
43d269b4-94c9-464f-ab8e-e3f364723139,2023-03-17T13:25:21Z,71653540414,Bruce Wayne,42,885.86,12
ffb76459-6f7b-4fd0-9ad7-570f0a973c16,2023-10-08T22:12:46Z,96946052178,Tony Stark,48,751.50,3
00222961-5803-46e7-baec-858322a9a2ee,2023-07-07T00:16:36Z,71141395761,Bruce Wayne,42,342.92,1
d80436f3-1e92-4bed-8053-1fbbb33c251e,2023-11-12T18:14:00Z,77172964201,Tony Stark,48,203.23,12
c6fe6e30-4436-4a22-94c9-f2f17e874802,2023-02-18T11:28:56Z,88453860447,Bruce Wayne,42,267.76,3
98a63176-b7be-4c1e-8175-28d46d0698e0,2023-09-20T15:24:25Z,52673376120,Bruce Wayne,42,160.17,5
bf3084bd-ca1c-4ada-85a0-5db59eb1456c,2023-09-16T02:50:43Z,21751181092,Jorah Mormont,56,282.61,8
fd0faf28-9c30-4530-be12-61cac2b07108,2023-06-27T15:48:41Z,33842966410,Tony Stark,48,442.62,4
881b85cf-5586-4132-bc62-b0b073976e65,2023-09-04T14:54:45Z,63267427242,Quina Quen,32,750.07,7
b10e60b3-7793-41fc-a7cf-9517660cbff9,2023-08-07T23:21:39Z,05293775433,Gordon Freeman,37,7.90,6
cd8ed1c8-aaf0-420f-b205-5cbe14a3a4e6,2023-06-25T07:59:31Z,96669580595,Helaena Targaryen,24,160.60,7
f13356ed-6c3d-4ac8-8de8-0b64db346a63,2023-11-28T04:16:59Z,48298613088,Bruce Wayne,42,728.73,6
b06d5a63-1c5e-42a6-99d3-fcfe20cb3a89,2023-02-10T07:26:37Z,91556323782,Tony Stark,48,679.98,12
a6dea6eb-7694-40cb-9c92-1c7d0256c03f,2023-09-10T07:04:52Z,88505997081,Bruce Wayne,42,682.80,12
c36bd83c-6a25-4241-93a6-11cbf390ba77,2023-07-14T21:19:42Z,95489924114,Bruce Wayne,42,80.18,3
c7ff0821-5b3a-41db-8873-5c8d7e46d595,2023-09-21T08:23:59Z,34951735634,Rhaenyra Targaryen,35,719.13,10
3e4be172-c510-48b5-846d-be3555a88d79,2023-03-01T08:52:30Z,37639167744,Tony Stark,48,59.61,11
41cd3b94-e2b5-45ce-ab47-a0752824a813,2023-04-10T06:22:09Z,47853947726,Thor Odinson,33,212.69,10
e1097da0-ca43-48cd-b3ec-75edf0196c5f,2023-11-06T01:25:32Z,30297175917,Bruce Wayne,42,225.17,6
72c47df7-d354-474e-9193-3e23b71679e1,2023-10-12T07:01:25Z,19568963062,Tony Stark,48,90.99,4
14a19181-76bb-4e47-917b-3f1b641c5cd3,2023-02-07T18:56:29Z,65951110478,Gladiolus Amicitia,29,961.60,12
eae159b0-462b-40bc-b1e1-1fa61470bc44,2023-03-24T13:56:19Z,28895887305,Bran Stark's direwolf,10,838.99,11
244617f0-7d30-49e9-87b2-f98c22f518f4,2023-12-18T07:16:41Z,69125438406,Tony Stark,48,434.51,8
ab663103-cc87-4d4a-8ebb-b75e7618a0ce,2023-11-23T00:13:43Z,51289743504,Red XIII,20,680.23,7
40878e6a-cef5-499d-b50b-ff45cd2f17ba,2023-10-17T02:25:03Z,11280777101,Ravus Nox Fleuret,31,690.96,10
88f47f35-9108-4a1f-a7f4-d964de88cf7a,2023-11-22T13:23:27Z,95101657268,Megaman,27,883.41,11
5fe97b6f-b687-405e-b951-1915fc45dfd9,2023-08-12T16:41:55Z,04532748333,Rocket Raccoon,35,346.27,9
c6fe6e30-4436-4a22-94c9-f2f17e874802,2023-02-18T11:28:56Z,88453860447,Bruce Wayne,42,267.76,3
a93e38fc-18be-44f6-8e98-cf9250df192b,2023-05-26T21:18:01Z,18042856666,Bruce Wayne,42,649.80,7
81265217-3e9d-43b8-a76a-081f897c7aaa,2023-04-16T06:03:58Z,06576819608,Tony Stark,48,666.36,1
410373fa-a73c-4513-a53b-7c98c6f2b22b,2023-06-08T22:37:38Z,92628138163,Bruce Wayne,42,516.96,7
3c54c78b-2a77-4597-ac21-f1132caab4da,2023-10-13T07:36:37Z,24942349418,Tony Stark,48,920.55,3
b10e60b3-7793-41fc-a7cf-9517660cbff9,2023-08-07T23:21:39Z,05293775433,Gordon Freeman,37,7.90,6
3f2b4fc9-f603-4380-afc7-e581f8f1c838,2023-12-15T08:02:50Z,10944239864,Jaehaerys I Targaryen,70,474.34,11
7faaf7b7-9ac5-467f-99a8-c5389a5777aa,2023-08-10T19:45:19Z,97159156167,Bruce Wayne,42,158.34,1
7eb8880a-c9ee-4bcf-a676-19fae53dc2f3,2023-06-06T10:59:45Z,90091898058,Tony Stark,48,398.31,11
e82d2248-f80e-475f-af75-62cfb53dca2e,2023-01-07T12:43:51Z,78447291774,Tony Stark,48,442.81,8
c36bd83c-6a25-4241-93a6-11cbf390ba77,2023-07-14T21:19:42Z,95489924114,Bruce Wayne,42,80.18,3
7a361713-207c-4252-b1e1-81ccc1e3df1c,2023-01-15T17:45:18Z,73696558819,Voldemort,70,880.30,8
32d42b66-0739-4497-bc44-f2ad827c64bb,2023-11-27T08:18:09Z,90022611473,Bruce Wayne,42,115.20,3
3e09b205-cef0-4f7f-96a7-030e588b611d,2023-06-12T01:09:53Z,02366554820,Boromir,42,366.45,10
323f6adf-2ad3-4b46-ae7c-ead00c95e016,2023-09-10T23:19:33Z,86093864014,Ethan Hunt,42,142.98,12
72c47df7-d354-474e-9193-3e23b71679e1,2023-10-12T07:01:25Z,19568963062,Tony Stark,48,90.99,4
ded50433-e907-48a8-a058-3196e891f2f3,2023-06-08T01:54:33Z,28849650220,Tony Stark,48,178.45,9
1c382db7-507f-4613-bc41-4e4c1f3d5bf1,2023-03-03T21:48:34Z,59252300739,Bruce Wayne,42,505.61,5
40943622-d368-47a2-9b60-c3e3d5646234,2023-09-27T04:32:37Z,67633430716,Bruce Wayne,42,527.60,3
1d053054-415a-4472-a4d9-8b08cf82abfe,2023-08-22T08:19:43Z,30675040124,Tony Stark,48,23.38,8
40878e6a-cef5-499d-b50b-ff45cd2f17ba,2023-10-17T02:25:03Z,11280777101,Ravus Nox Fleuret,31,690.96,10
e6d05fbb-41e3-4692-bef2-3c714092e4ff,2023-03-12T20:04:08Z,82047211160,Sansa Stark's direwolf,10,778.29,3
732f009e-6dc5-4105-8d6c-485dabd2f5d5,2023-12-01T09:17:48Z,24932031592,Bruce Wayne,42,46.74,8
8f5aef41-f029-4920-91a3-0a2d641309aa,2023-03-21T16:27:42Z,40642625774,Tony Stark,48,573.07,6
846bc57c-956e-4a95-9043-c12ea75e4a00,2023-02-11T16:42:41Z,07846658320,Lilith,34,193.36,11
81265217-3e9d-43b8-a76a-081f897c7aaa,2023-04-16T06:03:58Z,06576819608,Tony Stark,48,666.36,1
408717dc-bcd3-4c18-a8de-c590bda7e362,2023-07-01T11:59:28Z,60164743597,Bran Stark's direwolf,10,458.27,4
14140ae8-5115-457e-b2cc-039438593028,2023-08-27T01:24:04Z,26120307545,Tony Stark,48,743.89,8
dad99f1a-1295-4bf4-9c16-9c1f9f5ae9b3,2023-12-26T12:18:07Z,70968775925,Cortana,30,62.85,8
97a5c202-385b-4185-9a47-0f668c1d99ec,2023-09-06T02:42:51Z,63089035242,Triss Merigold,39,844.96,11
7faaf7b7-9ac5-467f-99a8-c5389a5777aa,2023-08-10T19:45:19Z,97159156167,Bruce Wayne,42,158.34,1
de923d48-5d0c-4097-9789-f3cc1cc5bc6e,2023-06-13T09:03:13Z,77595724889,Bruce Wayne,42,595.55,12
0cac3bf3-1650-4603-829f-430aa0da2047,2023-10-17T03:14:21Z,75593962587,Euron Greyjoy,45,411.08,7
9e34a6f2-b90f-4bfb-b3f7-a62c27728621,2023-03-02T03:09:39Z,38699460185,Bruce Wayne,42,817.74,5
0e8628d7-15e8-466a-9a96-6aaa30e251f1,2023-01-05T04:32:25Z,95191262681,Bruce Wayne,42,497.65,1
32d42b66-0739-4497-bc44-f2ad827c64bb,2023-11-27T08:18:09Z,90022611473,Bruce Wayne,42,115.20,3
4a23e941-fbbf-4861-8c0a-3f1f88a5a4e6,2023-11-20T17:48:09Z,75224340168,Bruce Wayne,42,808.15,11
8ea2f49b-6f8a-4741-aeda-464cd7890829,2023-09-08T07:49:42Z,94732122281,Tony Stark,48,600.00,7
c1598329-21ea-49f3-9338-bda51593dae5,2023-12-25T13:39:13Z,45999445922,Bruce Wayne,42,345.80,10
fc151e5e-1bef-49ff-9d71-deb1deddfa2b,2023-11-26T12:23:27Z,47346188569,Diana Prince,32,143.00,6
1c382db7-507f-4613-bc41-4e4c1f3d5bf1,2023-03-03T21:48:34Z,59252300739,Bruce Wayne,42,505.61,5
cee4b391-3120-4a9a-a7ba-59de54562cd0,2023-09-16T05:23:02Z,65400684493,Bruce Wayne,42,648.43,7
3c478ace-d834-4285-bbea-c582a357a31d,2023-01-22T15:07:53Z,61693245606,Tony Stark,48,165.09,12
e7ea5346-0964-410b-a0b6-13bad48248d6,2023-04-21T13:40:07Z,05333618627,Bruce Wayne,42,97.14,6
b090ac0c-df16-4da5-8643-6252cc0b8baf,2023-07-13T04:30:50Z,69498658831,Cersei Lannister's children,20,772.86,5
732f009e-6dc5-4105-8d6c-485dabd2f5d5,2023-12-01T09:17:48Z,24932031592,Bruce Wayne,42,46.74,8
03499b7d-bcb9-4788-b540-69f2e3badb0a,2023-05-16T13:50:11Z,58006606013,Tony Stark,48,954.04,9
fd116455-5ab9-4eb1-9c24-993795038e90,2023-11-24T18:49:12Z,40831145173,Tony Stark,48,843.31,3
cccbc4e7-bb99-4848-822c-5b5add4d1349,2023-05-14T14:33:12Z,24894300517,Tony Stark,48,386.55,9
eab93e9f-701d-41d4-a910-c9d7f683a828,2023-02-25T21:41:26Z,43161526384,Zell Dincht,24,477.42,4
14140ae8-5115-457e-b2cc-039438593028,2023-08-27T01:24:04Z,26120307545,Tony Stark,48,743.89,8
df302c87-6497-4710-a803-dd8b9117d56f,2023-05-09T15:17:35Z,86348274641,Eowyn,28,647.38,6
e959699f-5ab7-4a1d-ac27-57769aedb31c,2023-06-23T23:59:29Z,45408626926,Tony Stark,48,209.05,3
cbcf5409-bffe-41cf-8d56-b800c4a19660,2023-05-08T05:10:26Z,87517587469,Boromir,42,768.59,12
91496d8f-ec65-41ed-bb79-bc9cb35f951e,2023-01-26T15:18:49Z,64578152219,Tony Stark,48,751.72,7
0cac3bf3-1650-4603-829f-430aa0da2047,2023-10-17T03:14:21Z,75593962587,Euron Greyjoy,45,411.08,7
1cf0cf5c-570c-4d44-992d-5c4e52cbcb8b,2023-11-24T10:57:18Z,24619777452,John Connor,28,143.31,6
0d31d0c4-5ff0-468e-875d-3e6a39cb94ec,2023-05-03T00:19:44Z,50405475757,Aegon V Targaryen,58,522.44,3
b69fda3c-e92a-4e26-8e8a-8554b5a04852,2023-04-26T13:43:38Z,98746507305,Bruce Wayne,42,774.71,7
9e93efd1-e28b-45f7-bc76-54776491d363,2023-08-17T17:31:02Z,93821840130,Tony Stark,48,751.85,10
8ea2f49b-6f8a-4741-aeda-464cd7890829,2023-09-08T07:49:42Z,94732122281,Tony Stark,48,600.00,7
7d3e00ff-1df8-4b34-afb1-df6c29202ad2,2023-02-14T16:11:13Z,63959090446,Tony Stark,48,475.59,5
dec35efd-e0ed-47d1-a9cf-67dec129a7aa,2023-07-04T09:01:37Z,54537821717,Hedwig,18,213.53,6
891be655-b27c-4a06-9407-c9f6062e765d,2023-02-13T20:08:05Z,44155969503,Elena Fisher,33,781.27,11
9faf49ac-f343-4dca-85d5-122f93d80d5c,2023-03-27T17:56:12Z,04717597054,Dante,35,851.21,6
3c478ace-d834-4285-bbea-c582a357a31d,2023-01-22T15:07:53Z,61693245606,Tony Stark,48,165.09,12
0cd2183d-3858-4be6-9517-9003ed570140,2023-09-12T21:52:53Z,79478517834,Tony Stark,48,964.09,11
75ab7917-11d2-4498-8530-cbede3e936da,2023-11-05T03:07:31Z,91677332280,Luna Lovegood,26,568.65,7
592ed6db-b7a8-49cd-85d0-5c6d0968bea0,2023-12-24T13:02:07Z,31000611679,Bruce Wayne,42,839.95,12
0b81b61d-d26d-433e-9141-2e5c995ac1fd,2023-03-27T04:03:00Z,07386992857,Tony Stark,48,463.82,11
fd116455-5ab9-4eb1-9c24-993795038e90,2023-11-24T18:49:12Z,40831145173,Tony Stark,48,843.31,3
23168100-e7a7-44e7-a38e-3dfb874fe1bf,2023-03-24T04:42:51Z,12617968117,Bruce Wayne,42,203.74,5
c192c459-4c01-429e-8eed-d8b7aa6fcf29,2023-11-27T05:39:56Z,72119082487,Bruce Wayne,42,77.98,8
ce1ef344-62cc-4b74-9086-b21e27983b02,2023-03-06T07:42:33Z,06450786611,Alliser Thorne,50,564.05,5
9752ca9f-3aee-4661-aeaa-decfc471142b,2023-11-24T19:01:29Z,84833767012,Poe Dameron,32,171.13,1
e959699f-5ab7-4a1d-ac27-57769aedb31c,2023-06-23T23:59:29Z,45408626926,Tony Stark,48,209.05,3
406f100e-9903-46a2-804a-12fa91b8228a,2023-01-03T10:11:37Z,76284074629,Bruce Wayne,42,178.82,7
049d45c5-21c2-4415-84f6-90a5488846a1,2023-05-22T09:17:35Z,16453474232,Tony Stark,48,250.88,8
b63834c0-ce62-45a9-bf76-dff69ab5bf58,2023-03-05T10:34:27Z,65948867609,Tony Stark,48,416.27,12
d14127ec-2c03-41d3-9c86-8ed0f3e5cc6f,2023-03-16T20:36:33Z,60048281663,Bruce Wayne,42,33.82,4
0d31d0c4-5ff0-468e-875d-3e6a39cb94ec,2023-05-03T00:19:44Z,50405475757,Aegon V Targaryen,58,522.44,3
33163c5c-8c1b-4ae4-80b6-2b12bff41cff,2023-03-23T12:45:55Z,97027400182,Bruce Wayne,42,338.38,12
ce0c34b1-a385-4a66-a541-da48f7e09f3c,2023-10-07T21:06:12Z,53574781010,Bruce Wayne,42,784.89,11
e67e68d7-fd61-4638-9358-4181fc00b97f,2023-04-13T08:01:20Z,14867215724,Tony Stark,48,112.52,12
d71376a0-a273-4ebc-be2e-18e9696f5e55,2023-10-08T12:26:54Z,16328111404,Bruce Wayne,42,159.69,8
dec35efd-e0ed-47d1-a9cf-67dec129a7aa,2023-07-04T09:01:37Z,54537821717,Hedwig,18,213.53,6
f82516e2-7764-41c5-87de-9771bf031138,2023-10-06T16:37:02Z,90893154969,Tony Stark,48,464.12,4
0803fe32-45fc-4351-9f84-05204089f0ee,2023-03-26T22:34:23Z,01430307167,Tony Stark,48,558.78,5
bae05fb3-8400-45a8-9254-ff9bf8db36e3,2023-11-02T02:34:34Z,94982534609,Brynden Tully,60,777.87,8
69a7d898-ef97-4b75-bed1-1e1c887bd83e,2023-08-01T17:18:15Z,58646310146,Tony Stark,48,651.78,7
75ab7917-11d2-4498-8530-cbede3e936da,2023-11-05T03:07:31Z,91677332280,Luna Lovegood,26,568.65,7
da0f2dd4-5274-413e-be00-1d076e862b39,2023-08-17T01:38:25Z,68747836659,Leia Organa,42,803.95,9
e317ead3-f69a-484b-a3e2-5c9dfb708ae9,2023-11-04T10:15:04Z,04648271464,Tony Stark,48,870.93,8
d89a7062-b13c-4991-ae80-cdf4d6c6adf5,2023-07-27T19:50:33Z,87862900302,Tony Stark,48,706.18,8
e9a5c038-c75f-4d01-b32b-510bb41ba451,2023-05-01T09:14:26Z,10335433907,Tony Stark,48,156.83,11
c192c459-4c01-429e-8eed-d8b7aa6fcf29,2023-11-27T05:39:56Z,72119082487,Bruce Wayne,42,77.98,8
86f00d41-c414-4a85-b186-70cbaf5fdbfe,2023-05-15T21:18:20Z,16542298350,Tony Stark,48,818.56,9
4c4d265d-0076-4cc6-b9d9-0e1d09861a2c,2023-06-19T05:45:15Z,94617933497,Tony Stark,48,528.49,1
0aa61b35-3e6f-404c-9900-273c861e63ac,2023-02-20T18:30:13Z,41504568085,Auron,45,917.46,3
db263e80-6e81-4055-9d93-6ba58f981eab,2023-11-11T03:56:46Z,40449664205,Saul Goodman,50,912.41,12
049d45c5-21c2-4415-84f6-90a5488846a1,2023-05-22T09:17:35Z,16453474232,Tony Stark,48,250.88,8
e775cc2a-5679-450f-8710-c347ec630c68,2023-12-14T00:06:35Z,83115828718,Oberyn Martell,44,163.05,2
ab6cb5c8-c8e2-49f9-ab00-6c9da2251222,2023-08-11T00:38:09Z,26183392503,Tony Stark,48,507.68,4
57f5ba9f-53ba-43ed-b564-7e668e9d5662,2023-03-16T04:20:11Z,68839380209,Tony Stark,48,846.80,7
6d50bce0-f57e-4568-bf37-357315a407de,2023-09-17T03:03:01Z,00501799195,Eowyn,28,353.03,12
ce0c34b1-a385-4a66-a541-da48f7e09f3c,2023-10-07T21:06:12Z,53574781010,Bruce Wayne,42,784.89,11
f2f648fd-21ca-4831-9b18-16510614b62a,2023-09-14T01:00:02Z,56884172197,Bruce Wayne,42,985.17,3
00727a85-3eac-4305-a93c-e4e6a690c0f9,2023-01-04T10:09:35Z,21600167121,Bruce Wayne,42,203.14,8
5f715fef-5b5a-4c4b-a21b-aeacbadf808b,2023-02-04T09:32:14Z,64742109595,Bruce Wayne,42,702.60,3
1d3e6932-8868-4b7b-b472-656229ded406,2023-06-10T15:01:10Z,44099801845,Bellatrix Lestrange,47,252.96,4
0803fe32-45fc-4351-9f84-05204089f0ee,2023-03-26T22:34:23Z,01430307167,Tony Stark,48,558.78,5
33f14af7-fe7a-40f5-b69e-09e60ae9b623,2023-11-25T08:44:50Z,56483527393,Tony Stark,48,805.66,3
344644bf-5302-43c8-9dbb-1404b9b7b6f6,2023-06-20T00:15:08Z,70589873401,Remus Lupin,49,122.29,8
9dac6c3e-664c-4754-a323-ebd18ea40fc9,2023-05-15T08:46:49Z,04107039877,Cortana,30,871.65,10
2d74d1fa-4491-4a01-a06f-58fb3601cfbc,2023-11-28T03:14:47Z,66252174108,Hal Jordan,38,329.16,11
e317ead3-f69a-484b-a3e2-5c9dfb708ae9,2023-11-04T10:15:04Z,04648271464,Tony Stark,48,870.93,8
46c601bc-7279-4dc5-a588-e76b477376eb,2023-09-08T07:17:30Z,14534466175,Bruce Wayne,42,763.94,4
8b793526-2ff3-44a7-ba02-07673fa6e0d2,2023-11-17T14:43:38Z,57390469437,Dr. John Watson,37,633.35,8
e25306dc-1f78-457b-8505-05997f8d5c87,2023-01-02T00:27:27Z,06288550134,Bruce Wayne,42,61.98,3
f5bf632d-8ad8-4c0b-8249-7f3ba09d284b,2023-07-16T08:30:26Z,02755420414,Ellie,19,966.45,7
4c4d265d-0076-4cc6-b9d9-0e1d09861a2c,2023-06-19T05:45:15Z,94617933497,Tony Stark,48,528.49,1
fbe80222-f0c3-456d-bb19-b871519ef913,2023-01-03T03:39:29Z,72098787467,Bruce Wayne,42,979.04,5
aeb71520-5363-4936-a4aa-33e4662ce85e,2023-05-01T11:47:52Z,81152056302,Tony Stark,48,203.45,9
7656af19-3513-4af4-8891-1216dc545bc5,2023-10-03T04:59:29Z,51888685125,Tony Stark,48,387.66,9
dbf820a3-f1dd-46a9-b0a7-92ca1bf50f9f,2023-05-28T05:56:15Z,41328547978,Solid Snake,52,667.44,10
ab6cb5c8-c8e2-49f9-ab00-6c9da2251222,2023-08-11T00:38:09Z,26183392503,Tony Stark,48,507.68,4
1da9e37f-97c7-40a1-811a-0a8d9cb183ba,2023-11-26T00:18:28Z,41006509771,Baelor I Targaryen,30,557.92,9
2b422af2-b895-475e-b93a-9e5584f9c06c,2023-07-12T17:42:59Z,52967274852,Master Chief,45,941.36,11
1c45f27b-4547-4e35-96f2-169e4565dbb6,2023-03-09T09:02:10Z,53067705221,Tony Stark,48,969.85,11
a3689d64-6c60-48b6-b3f6-eca3aaa376bc,2023-11-08T15:07:56Z,86433557929,Bruce Wayne,42,748.48,8
00727a85-3eac-4305-a93c-e4e6a690c0f9,2023-01-04T10:09:35Z,21600167121,Bruce Wayne,42,203.14,8
407fa12c-1455-4954-8acd-a484689aeb57,2023-10-16T08:07:07Z,05378540547,Tony Stark,48,528.85,8
8802667d-cc47-409e-8cc3-c2a42da3f6eb,2023-11-07T17:47:02Z,46859736445,Samwise Gamgee,38,674.22,12
a19b64a8-dee7-4c9c-b39b-876786da47f5,2023-06-27T05:33:29Z,74866656224,Bruce Wayne,42,571.67,11
914ca84f-cf10-4ae3-a505-1a12ef775b95,2023-06-17T19:16:22Z,06299176847,Quentyn Martell,29,263.58,12
344644bf-5302-43c8-9dbb-1404b9b7b6f6,2023-06-20T00:15:08Z,70589873401,Remus Lupin,49,122.29,8
0ed4bad6-a294-4851-9e35-475c24837123,2023-01-26T12:35:51Z,11586360293,Tony Stark,48,932.89,6
766959e7-9426-40bb-910a-d98cf7eaffbc,2023-04-26T09:34:27Z,88136761368,Tony Stark,48,186.51,10
6b025b82-53c0-40d3-921d-c56d47453b6a,2023-08-19T08:17:30Z,85398019138,Ron Weasley,28,324.42,1
58fd2a5f-2be0-41c6-9d2b-db9af9fabd3c,2023-04-09T12:49:49Z,39712103573,Cersei Lannister,49,48.95,4
8b793526-2ff3-44a7-ba02-07673fa6e0d2,2023-11-17T14:43:38Z,57390469437,Dr. John Watson,37,633.35,8
4d23a138-5b3d-4807-a74e-bc688d87b247,2023-06-15T04:23:40Z,85522243050,Bruce Wayne,42,22.43,6
ffb76459-6f7b-4fd0-9ad7-570f0a973c16,2023-10-08T22:12:46Z,96946052178,Tony Stark,48,751.50,3
7b97ccb0-f828-4f70-a5e3-6d974a4a44e9,2023-12-08T19:49:24Z,19222869082,Bruce Wayne,42,966.86,1
528dbd73-6fc3-4b5b-855f-085a4ff453d6,2023-12-13T19:51:38Z,29130624620,Bran Stark's direwolf,10,707.09,3
aeb71520-5363-4936-a4aa-33e4662ce85e,2023-05-01T11:47:52Z,81152056302,Tony Stark,48,203.45,9
7cfd7a7d-9cec-4a23-9545-d12ea5605cb2,2023-05-10T23:29:27Z,83446807852,Dr. John Watson,37,822.82,8
bf3084bd-ca1c-4ada-85a0-5db59eb1456c,2023-09-16T02:50:43Z,21751181092,Jorah Mormont,56,282.61,8
bde79e13-d6a3-4a91-a9b8-c6370ca139aa,2023-11-25T04:16:50Z,93954044132,Bruce Wayne,42,184.11,2
8f172457-c319-460c-81cd-9ee746de1f54,2023-04-12T08:27:52Z,15165545095,Daemon Targaryen,42,122.04,10
2b422af2-b895-475e-b93a-9e5584f9c06c,2023-07-12T17:42:59Z,52967274852,Master Chief,45,941.36,11
067574a9-389d-4e79-8f42-b03558f0dbf9,2023-07-05T00:41:01Z,10173891220,Olenna Tyrell,80,503.11,10
f13356ed-6c3d-4ac8-8de8-0b64db346a63,2023-11-28T04:16:59Z,48298613088,Bruce Wayne,42,728.73,6
091d013d-6ad6-41d3-a02f-d9afd4230b7f,2023-03-25T18:00:38Z,90875343000,Freya Crescent,34,644.19,3
85166294-267d-4156-9743-4048fc752ecf,2023-05-12T03:36:05Z,34642203892,Lady,30,381.99,5
8802667d-cc47-409e-8cc3-c2a42da3f6eb,2023-11-07T17:47:02Z,46859736445,Samwise Gamgee,38,674.22,12
4017e61a-651c-4f2a-94e5-eb456c28974e,2023-06-06T14:09:14Z,18667256847,Bruce Wayne,42,756.27,10
3e4be172-c510-48b5-846d-be3555a88d79,2023-03-01T08:52:30Z,37639167744,Tony Stark,48,59.61,11
91b0879d-5564-491e-8e08-769495f2f1c5,2023-05-07T23:36:43Z,27505104926,Bruce Wayne,42,213.54,10
d458ea11-f119-4b0d-a8be-4903a00447b0,2023-02-14T04:48:04Z,97627828203,Bruce Wayne,42,493.67,7
766959e7-9426-40bb-910a-d98cf7eaffbc,2023-04-26T09:34:27Z,88136761368,Tony Stark,48,186.51,10
3299c698-c6e0-4986-bc95-bea0b0cb42b6,2023-07-12T18:49:31Z,50283126568,Tony Stark,48,442.40,8
eae159b0-462b-40bc-b1e1-1fa61470bc44,2023-03-24T13:56:19Z,28895887305,Bran Stark's direwolf,10,838.99,11
da3203c0-146b-46ee-933b-ca3851579f8d,2023-11-24T03:02:13Z,86051322826,Sherlock Holmes,40,406.77,8
eefc7efc-114c-4765-af54-9c025d5cf206,2023-04-15T09:11:17Z,98513615284,Lara Croft,29,242.69,2
ffb76459-6f7b-4fd0-9ad7-570f0a973c16,2023-10-08T22:12:46Z,96946052178,Tony Stark,48,751.50,3
0b732287-7815-49de-aa8f-bdc7d8765c21,2023-03-17T04:07:04Z,05044402778,Rhaenys Velaryon,30,39.56,4
5fe97b6f-b687-405e-b951-1915fc45dfd9,2023-08-12T16:41:55Z,04532748333,Rocket Raccoon,35,346.27,9
9623ba0e-8e43-4c46-aaee-a5beb3bf269d,2023-03-23T15:34:23Z,30397503073,Daeron II Targaryen,50,572.61,10
8184037e-f9b3-48aa-949e-98f20ceed10c,2023-12-24T00:50:02Z,62221520285,Luna Lovegood,26,572.99,6
bf3084bd-ca1c-4ada-85a0-5db59eb1456c,2023-09-16T02:50:43Z,21751181092,Jorah Mormont,56,282.61,8
0c5bf591-b520-47ab-aa32-8cf76114ef41,2023-08-04T05:03:18Z,95857191750,Tony Stark,48,10.49,6
3c54c78b-2a77-4597-ac21-f1132caab4da,2023-10-13T07:36:37Z,24942349418,Tony Stark,48,920.55,3
a98e149b-6c81-43d2-b1cf-34f9e4bf72dd,2023-03-02T23:46:24Z,17318013872,Bruce Wayne,42,480.64,1
d53fefb7-54a2-4ea2-9f3d-8a43718edaff,2023-05-20T06:58:18Z,54478068321,Rickon Stark's direwolf,10,185.48,12
f13356ed-6c3d-4ac8-8de8-0b64db346a63,2023-11-28T04:16:59Z,48298613088,Bruce Wayne,42,728.73,6
5b1ea25f-9c7a-44aa-a43d-13b4adeb5292,2023-12-01T20:05:23Z,88396876673,Steve Rogers,85,397.56,2
e82d2248-f80e-475f-af75-62cfb53dca2e,2023-01-07T12:43:51Z,78447291774,Tony Stark,48,442.81,8
8f1ac592-a5bc-4e59-8516-0dc23f851e08,2023-01-25T05:55:11Z,05683747963,Bruce Wayne,42,733.37,3
f13261bc-0b84-4133-ac6b-78509abee58e,2023-08-13T06:51:14Z,05813361292,Aragorn,47,552.95,5
3e4be172-c510-48b5-846d-be3555a88d79,2023-03-01T08:52:30Z,37639167744,Tony Stark,48,59.61,11
2efb7c56-bd6d-4fbb-b9b1-88be575e66ed,2023-04-03T04:56:13Z,56547620153,Tony Stark,48,321.12,10
323f6adf-2ad3-4b46-ae7c-ead00c95e016,2023-09-10T23:19:33Z,86093864014,Ethan Hunt,42,142.98,12
c63f019c-3b5b-4596-aa97-444131772cfe,2023-03-20T08:04:09Z,71301070510,Viserys I Targaryen,50,228.92,4
097ec64c-3880-48ae-98d7-2521532d3069,2023-07-05T21:59:41Z,05783649590,Tony Stark,48,189.88,8
eae159b0-462b-40bc-b1e1-1fa61470bc44,2023-03-24T13:56:19Z,28895887305,Bran Stark's direwolf,10,838.99,11
6ccff83b-5982-47e1-b186-037028bcb544,2023-06-06T10:04:28Z,88254939759,Bruce Wayne,42,416.48,9
1d053054-415a-4472-a4d9-8b08cf82abfe,2023-08-22T08:19:43Z,30675040124,Tony Stark,48,23.38,8
61472f4c-2324-49bc-a5f6-2d64b42c590e,2023-11-19T08:16:18Z,31439863231,Bruce Wayne,42,27.87,7
830ba812-7b86-498b-994d-ee02688d3692,2023-11-25T01:05:53Z,46230580052,Tony Stark,48,861.07,4
5fe97b6f-b687-405e-b951-1915fc45dfd9,2023-08-12T16:41:55Z,04532748333,Rocket Raccoon,35,346.27,9
8c067bac-e4e4-414b-9b74-623ce9083f3a,2023-02-07T19:36:29Z,94784959231,Tony Stark,48,475.48,8
846bc57c-956e-4a95-9043-c12ea75e4a00,2023-02-11T16:42:41Z,07846658320,Lilith,34,193.36,11
f20cc77d-beec-4b6a-8b81-c6f6c970e41b,2023-10-07T06:49:39Z,73872259012,Yuffie Kisaragi,22,758.94,8
6fe6056d-6a19-4135-ae25-1d537fd8e494,2023-08-19T10:35:09Z,76208581004,Bruce Wayne,42,83.86,1
3c54c78b-2a77-4597-ac21-f1132caab4da,2023-10-13T07:36:37Z,24942349418,Tony Stark,48,920.55,3
c7b97e34-0439-473d-bf10-49de80b99e15,2023-09-02T08:15:17Z,76663085821,Tess,43,151.48,4
97a5c202-385b-4185-9a47-0f668c1d99ec,2023-09-06T02:42:51Z,63089035242,Triss Merigold,39,844.96,11
01a043d4-3811-45d6-a06d-b775d794e118,2023-01-08T19:40:41Z,61658421650,Luna Lovegood,26,431.75,5
b5314cd1-c231-474f-aa14-eeee53c8b01a,2023-02-14T16:10:24Z,97161275860,Miss Marple,75,853.17,10
e82d2248-f80e-475f-af75-62cfb53dca2e,2023-01-07T12:43:51Z,78447291774,Tony Stark,48,442.81,8
59cb8401-0760-46de-9a61-5221c9cdf732,2023-07-02T16:49:47Z,39120792441,Noctis Lucis Caelum,24,772.00,2
0e8628d7-15e8-466a-9a96-6aaa30e251f1,2023-01-05T04:32:25Z,95191262681,Bruce Wayne,42,497.65,1
aa1a0ac0-fac2-4537-9350-08fa6a58e23f,2023-10-28T08:50:01Z,87312346287,Kylo Ren,31,590.12,1
ad2d7f17-b963-4815-98ab-b11c4214022e,2023-12-11T07:40:20Z,65583267381,Tony Stark,48,720.81,8
323f6adf-2ad3-4b46-ae7c-ead00c95e016,2023-09-10T23:19:33Z,86093864014,Ethan Hunt,42,142.98,12
11305de1-f006-4f6f-89db-ab71bed9b6db,2023-11-25T03:56:28Z,87350824026,Tony Stark,48,428.43,6
fc151e5e-1bef-49ff-9d71-deb1deddfa2b,2023-11-26T12:23:27Z,47346188569,Diana Prince,32,143.00,6
3f3cbfae-399f-43c2-bff8-1cc4865e5401,2023-11-11T03:56:45Z,03219952685,Tony Stark,48,164.80,10
8e49a7e2-f0b3-4299-9d86-ad33d36fa260,2023-09-08T14:38:50Z,47807808521,Bruce Wayne,42,371.03,4
1d053054-415a-4472-a4d9-8b08cf82abfe,2023-08-22T08:19:43Z,30675040124,Tony Stark,48,23.38,8
0bf99be9-8611-433f-b382-f4da3b75cb57,2023-05-17T17:26:51Z,05694755737,Tony Stark,48,660.10,2
b090ac0c-df16-4da5-8643-6252cc0b8baf,2023-07-13T04:30:50Z,69498658831,Cersei Lannister's children,20,772.86,5
a6586866-1d07-4b6e-85a5-b87b1e5f21c0,2023-01-02T07:37:00Z,56307679598,Bruce Wayne,42,600.81,6
d693637e-8389-467c-a0ce-e0c5b37ed756,2023-06-22T20:03:20Z,36900722606,Cait Sith,28,424.48,6
846bc57c-956e-4a95-9043-c12ea75e4a00,2023-02-11T16:42:41Z,07846658320,Lilith,34,193.36,11
eedaa1a0-124e-40a4-b1d7-f301a7aead25,2023-10-12T02:42:30Z,99570633298,Bruce Wayne,42,438.03,7
eab93e9f-701d-41d4-a910-c9d7f683a828,2023-02-25T21:41:26Z,43161526384,Zell Dincht,24,477.42,4
4cb64c88-623e-49aa-b609-63527f632768,2023-03-16T09:15:18Z,16143043152,Crowe Altius,24,241.50,12
f79aa43c-22db-4fcd-a075-ae1c1cb9ec3e,2023-12-13T20:34:44Z,35428106496,Tony Stark,48,207.62,6
97a5c202-385b-4185-9a47-0f668c1d99ec,2023-09-06T02:42:51Z,63089035242,Triss Merigold,39,844.96,11
d292a030-9931-4561-b9ce-105cc1f40027,2023-02-26T04:11:54Z,02487598785,Bruce Wayne,42,114.16,9
91496d8f-ec65-41ed-bb79-bc9cb35f951e,2023-01-26T15:18:49Z,64578152219,Tony Stark,48,751.72,7
84eb86a9-cf2f-4ae3-bee8-9f3f7d982baa,2023-08-10T03:02:23Z,23015392748,Loqi Tummelt,25,923.89,9
49acdedb-b01d-4e20-9dd1-c009f441dac3,2023-11-11T12:46:51Z,98687020345,Bruce Wayne,42,648.71,7
0e8628d7-15e8-466a-9a96-6aaa30e251f1,2023-01-05T04:32:25Z,95191262681,Bruce Wayne,42,497.65,1
a3e0c116-6e7c-4d5a-8e56-e8ccab42bfa1,2023-09-26T18:17:16Z,11028834774,Bruce Wayne,42,654.18,11
9e93efd1-e28b-45f7-bc76-54776491d363,2023-08-17T17:31:02Z,93821840130,Tony Stark,48,751.85,10
fe8445b0-b003-47ec-9855-0555d47a26a2,2023-10-24T03:15:00Z,47657173653,Bruce Wayne,42,696.44,4
a2e0bc81-35a3-4acb-ae6e-e9b3c429b1ed,2023-08-14T18:20:19Z,99801711607,Tony Stark,48,851.41,12
fc151e5e-1bef-49ff-9d71-deb1deddfa2b,2023-11-26T12:23:27Z,47346188569,Diana Prince,32,143.00,6
801ed59e-172e-45c5-baa7-8225d1143a6a,2023-03-10T13:44:04Z,81120512838,Tony Stark,48,621.96,9
9faf49ac-f343-4dca-85d5-122f93d80d5c,2023-03-27T17:56:12Z,04717597054,Dante,35,851.21,6
4b91593a-7470-45d4-9c82-a1e1515789aa,2023-07-21T22:02:47Z,61004630814,Tony Stark,48,23.71,4
d7eb7934-a7a9-45aa-bae3-bd0c957a0258,2023-12-20T16:09:33Z,62419325664,Bruce Wayne,42,14.25,5
b090ac0c-df16-4da5-8643-6252cc0b8baf,2023-07-13T04:30:50Z,69498658831,Cersei Lannister's children,20,772.86,5
c0466bf4-f724-472a-b1de-6f3cfb7e6373,2023-02-06T03:15:11Z,72532151004,Tony Stark,48,234.04,6
0b81b61d-d26d-433e-9141-2e5c995ac1fd,2023-03-27T04:03:00Z,07386992857,Tony Stark,48,463.82,11
80aa5bdd-efb2-4daf-91d3-dc9e0490b4c0,2023-12-09T18:53:39Z,15547146757,Ignis Scientia,27,408.98,9
33253d42-2306-4c5b-9834-ac977ab0d90b,2023-01-15T18:24:16Z,34693037760,Tony Stark,48,492.35,8
eab93e9f-701d-41d4-a910-c9d7f683a828,2023-02-25T21:41:26Z,43161526384,Zell Dincht,24,477.42,4
bca81540-4ea1-4931-8264-172f21545fc5,2023-04-25T19:14:05Z,06361666055,Tony Stark,48,45.36,4
9752ca9f-3aee-4661-aeaa-decfc471142b,2023-11-24T19:01:29Z,84833767012,Poe Dameron,32,171.13,1
80138ced-823c-413c-9795-d89a34eb9ea3,2023-04-20T07:38:56Z,59718196592,Bruce Wayne,42,329.72,6
e7b46e63-c1a1-48ac-89b4-39745cb260c0,2023-03-23T05:01:27Z,71430698888,Finn,27,149.09,1
91496d8f-ec65-41ed-bb79-bc9cb35f951e,2023-01-26T15:18:49Z,64578152219,Tony Stark,48,751.72,7
c0db218f-ad1f-48cc-b11c-2445f27894df,2023-11-09T15:33:49Z,70631561119,Tony Stark,48,89.20,12
d14127ec-2c03-41d3-9c86-8ed0f3e5cc6f,2023-03-16T20:36:33Z,60048281663,Bruce Wayne,42,33.82,4
a25ab47a-3039-44ab-8629-146df74b1f1b,2023-12-11T20:59:41Z,25936864775,Ravus Nox Fleuret,31,646.88,6
a0de341e-e804-4db7-bc44-abae405c7185,2023-05-21T09:36:20Z,97255564133,Tony Stark,48,769.44,2
9e93efd1-e28b-45f7-bc76-54776491d363,2023-08-17T17:31:02Z,93821840130,Tony Stark,48,751.85,10
db627693-8a85-4333-b28e-5a2813882a2c,2023-07-10T23:37:45Z,01719264908,Bruce Wayne,42,491.93,8
d71376a0-a273-4ebc-be2e-18e9696f5e55,2023-10-08T12:26:54Z,16328111404,Bruce Wayne,42,159.69,8
55df392f-2e0d-41f9-bee2-7c21b9be5426,2023-04-02T14:35:59Z,48011595157,Peach,35,863.50,2
478bd911-e965-46fc-af7c-2a4945331f6d,2023-02-28T21:21:24Z,97234215214,Bruce Wayne,42,406.26,12
9faf49ac-f343-4dca-85d5-122f93d80d5c,2023-03-27T17:56:12Z,04717597054,Dante,35,851.21,6
e8bb4a82-ec26-48a9-a67d-4fc7aa246bc9,2023-09-23T18:29:40Z,73239915366,Faramir,36,370.77,10
69a7d898-ef97-4b75-bed1-1e1c887bd83e,2023-08-01T17:18:15Z,58646310146,Tony Stark,48,651.78,7
f400251f-499c-47e6-899c-7e10c7dc9432,2023-09-20T14:42:18Z,20657030573,Aegon III Targaryen,22,476.60,8
34bdfef8-0331-4870-b1c5-c3d1f97f25d7,2023-01-22T21:19:12Z,40492731348,Tony Stark,48,865.08,7
0b81b61d-d26d-433e-9141-2e5c995ac1fd,2023-03-27T04:03:00Z,07386992857,Tony Stark,48,463.82,11
64b70838-5eda-4232-a0ce-eee02d48877e,2023-01-26T00:49:22Z,32987226452,Dante,35,940.84,7
e9a5c038-c75f-4d01-b32b-510bb41ba451,2023-05-01T09:14:26Z,10335433907,Tony Stark,48,156.83,11
965b1a47-cd52-413c-bb8a-7eeab91f8624,2023-12-14T22:49:21Z,32825978371,Khal Drogo,41,782.00,11
96430f40-23df-4789-b68d-44351292bbd1,2023-02-24T19:19:02Z,61590627957,Brick,39,90.11,7
9752ca9f-3aee-4661-aeaa-decfc471142b,2023-11-24T19:01:29Z,84833767012,Poe Dameron,32,171.13,1
ee4bc58a-bd8a-4c9d-8e6d-21409c405239,2023-05-09T01:01:54Z,05944693568,Rey,25,476.56,8
db263e80-6e81-4055-9d93-6ba58f981eab,2023-11-11T03:56:46Z,40449664205,Saul Goodman,50,912.41,12
cf47e556-0930-42c5-b020-03551a4e7fa5,2023-12-19T20:53:42Z,85129167981,Vincent Valentine,45,692.62,11
d43bd32e-7811-40d8-91d6-9e574c272378,2023-10-15T03:55:30Z,53365252937,Kimahri Ronso,38,618.84,10
d14127ec-2c03-41d3-9c86-8ed0f3e5cc6f,2023-03-16T20:36:33Z,60048281663,Bruce Wayne,42,33.82,4
037dac95-508f-4847-9af6-87ff71e59814,2023-10-16T21:10:13Z,51375750381,Victarion Greyjoy,47,631.24,1
6d50bce0-f57e-4568-bf37-357315a407de,2023-09-17T03:03:01Z,00501799195,Eowyn,28,353.03,12
97cae8cf-86b6-470e-b143-af53b7dd0a01,2023-09-06T00:42:40Z,32720019396,Bruce Wayne,42,680.17,12
abaff33d-4204-45c4-8599-880c96637039,2023-08-13T02:42:09Z,39888948672,Bruce Wayne,42,618.15,9
d71376a0-a273-4ebc-be2e-18e9696f5e55,2023-10-08T12:26:54Z,16328111404,Bruce Wayne,42,159.69,8
930247d5-b8c9-408c-9382-7b968d767264,2023-08-24T18:51:02Z,11289057040,Katniss Everdeen,27,515.85,5
1d3e6932-8868-4b7b-b472-656229ded406,2023-06-10T15:01:10Z,44099801845,Bellatrix Lestrange,47,252.96,4
e0f359f8-5fd6-40c4-b095-54c7443ff564,2023-12-18T12:56:22Z,28762967723,Wakka,29,41.91,7
39a1d73c-1a91-48a0-a63d-29992512fb53,2023-06-12T13:53:46Z,76975508406,Tony Stark,48,558.06,1
69a7d898-ef97-4b75-bed1-1e1c887bd83e,2023-08-01T17:18:15Z,58646310146,Tony Stark,48,651.78,7
d74159ea-0807-4a80-96e6-a2336457deec,2023-11-20T01:04:19Z,97344227725,Ron Weasley,28,182.14,3
2d74d1fa-4491-4a01-a06f-58fb3601cfbc,2023-11-28T03:14:47Z,66252174108,Hal Jordan,38,329.16,11
ac4f807c-d774-4f4e-a3e3-46ad22d8b5c7,2023-03-28T14:13:24Z,63505968308,Rhaena Targaryen,42,69.79,9
8018a125-c57d-4c42-884a-dd6ff292f132,2023-03-17T22:13:53Z,80537441430,Bruce Wayne,42,438.64,6
e9a5c038-c75f-4d01-b32b-510bb41ba451,2023-05-01T09:14:26Z,10335433907,Tony Stark,48,156.83,11
d2226ce6-214c-4ca3-971f-c58943b9d478,2023-08-27T10:41:15Z,85180733997,Maegor I Targaryen,50,679.51,7
f5bf632d-8ad8-4c0b-8249-7f3ba09d284b,2023-07-16T08:30:26Z,02755420414,Ellie,19,966.45,7
a176a732-c88d-4eea-b87b-d726f2846eb4,2023-01-04T07:40:26Z,20143422444,Bruce Wayne,42,654.36,10
9737ef54-6bb4-444a-9e7f-e702f7911acf,2023-05-13T19:18:42Z,90129481990,Rickard Stark,48,701.46,12
db263e80-6e81-4055-9d93-6ba58f981eab,2023-11-11T03:56:46Z,40449664205,Saul Goodman,50,912.41,12
c158db37-8b52-4257-a145-15836a519755,2023-03-25T23:48:39Z,23100217832,Adelbert Steiner,40,881.95,9
dbf820a3-f1dd-46